국가명,기준연월,의료 소비액,의료 소비건수,전체 외국인 대비 소비액 비율(%),전체 외국인 대비 소비건수 비율(%)
대만,202001,332965,1224,0.87,1.21
대만,202002,245548,1268,0.87,1.6
대만,202003,22828,140,0.27,0.53
대만,202004,17723,149,0.29,0.62
대만,202005,15147,164,0.24,0.56
대만,202006,26912,240,0.37,0.7
대만,202007,26798,226,0.32,0.6
대만,202008,24078,198,0.34,0.58
대만,202009,38837,183,0.52,0.53
대만,202010,15826,167,0.21,0.48
대만,202011,16196,206,0.19,0.56
대만,202012,41248,321,0.46,0.86
대만,202101,43608,261,0.57,0.79
대만,202102,21597,167,0.33,0.54
대만,202103,23606,158,0.28,0.41
대만,202104,25720,211,0.31,0.53
대만,202105,33254,217,0.39,0.53
대만,202106,27722,267,0.26,0.54
대만,202107,47818,317,0.42,0.56
대만,202108,49703,380,0.48,0.75
대만,202109,30106,349,0.32,0.78
대만,202110,36529,302,0.33,0.61
대만,202111,57358,361,0.51,0.67
대만,202112,67330,398,0.65,0.77
대만,202201,59352,313,0.7,0.79
대만,202202,30197,271,0.32,0.68
대만,202203,58494,429,0.6,0.87
대만,202204,50219,342,0.34,0.58
대만,202205,54528,489,0.29,0.66
대만,202206,105913,619,0.46,0.74
대만,202207,148086,652,0.58,0.66
대만,202208,148369,696,0.6,0.76
대만,202209,253614,799,0.93,0.88
대만,202210,210504,932,0.6,0.86
대만,202211,285515,1076,0.85,1.01
대만,202212,275110,1098,0.84,1.03
대만,202301,341680,1256,1.29,1.51
대만,202302,412061,1442,1.45,1.88
대만,202303,562475,1922,1.41,1.72
대만,202304,697427,2507,1.51,1.86
대만,202305,683689,2299,1.32,1.55
대만,202306,1051227,3131,1.97,2.01
대만,202307,902619,2791,1.83,1.85
대만,202308,860113,2933,1.81,2.13
대만,202309,1476975,3693,2.76,2.45
대만,202310,1399089,3903,2.17,2.15
대만,202311,1933243,3808,2.97,2.17
대만,202312,2178502,4123,3.91,2.72
대만,202401,1993357,3916,3.62,2.9
대만,202402,2305263,4064,4.8,3.36
대만,202403,3770962,6347,5.41,3.66
대만,202404,5093508,7826,5.91,3.69
대만,202405,7062640,9328,8.1,4.24
대만,202406,8160414,10247,9.23,4.57
대만,202407,5968432,8616,7.2,3.92
대만,202408,7167872,9765,8.9,4.83
대만,202409,10382763,13653,10.84,6.04
대만,202410,11687091,14324,9.69,5.01
대만,202411,11758837,13970,10.17,5.2
대만,202412,12958151,16211,11.9,6.52
대만,202501,10358978,13008,11.96,6.76
대만,202502,10235611,13312,11.67,7.33
대만,202503,15955369,21003,12.24,7.71
대만,202504,15602086,22350,9.76,6.67
대만,202505,16564017,28569,11.51,8.51
대만,202506,16475399,28360,11.64,8.41
대만,202507,14019911,25532,10.95,8.21
대만,202508,16719868,30387,13.83,10.85
대만,202509,24731340,47097,14.87,12.56
대만,202510,22105726,39544,13.7,10.51
대만,202511,29304517,46489,15.37,10.88
대만,202512,39680474,53951,19.31,13.23
대만,202601,13512519,35380,10.62,11.44
대만,202602,14285442,34953,13.03,13.37
대만,202603,23487584,58558,11.49,12.25
대만,202604,24843061,67179,9.94,11.68
대만,202605,29799753,73186,11.87,12.25
대만,202606,32128389,80990,12.81,13.54
대만,202607,25309234,68925,11.88,13.3
미국,202001,5170106,24054,13.56,23.83
미국,202002,3652242,19588,12.93,24.65
미국,202003,1822813,11114,21.65,42.35
미국,202004,1673105,11534,27.16,47.79
미국,202005,2304631,14913,37.11,51.24
미국,202006,2937469,18772,40.67,54.63
미국,202007,3586348,21149,43.0,56.24
미국,202008,3304302,18804,46.26,54.66
미국,202009,3273627,18471,44.08,53.96
미국,202010,3399440,18888,45.43,54.77
미국,202011,3822019,19786,45.06,54.26
미국,202012,4071800,20868,45.45,55.65
미국,202101,3413378,18566,44.25,56.47
미국,202102,3012696,17850,46.03,57.29
미국,202103,3869994,22158,46.1,57.54
미국,202104,4161005,23371,50.86,59.16
미국,202105,4192823,23984,49.19,58.74
미국,202106,5525883,30120,52.02,60.46
미국,202107,6426574,36427,56.32,64.86
미국,202108,5457233,30532,52.79,59.99
미국,202109,4678154,25570,49.2,57.33
미국,202110,5765380,28612,52.68,57.76
미국,202111,5814750,30038,51.43,55.4
미국,202112,4839351,26468,46.9,51.26
미국,202201,3868849,20666,45.77,52.12
미국,202202,3784098,19522,40.61,49.29
미국,202203,4455495,24991,45.42,50.46
미국,202204,7690797,32159,52.78,54.46
미국,202205,9528239,41557,50.49,56.18
미국,202206,11487078,49100,49.44,58.31
미국,202207,11246728,55198,43.75,56.1
미국,202208,9630460,44785,39.02,48.99
미국,202209,12128434,45968,44.53,50.68
미국,202210,15673378,53881,44.94,49.86
미국,202211,13488398,52078,40.06,49.03
미국,202212,11579162,46467,35.56,43.63
미국,202301,8797462,35223,33.33,42.26
미국,202302,9119561,33092,32.11,43.1
미국,202303,13404325,46691,33.66,41.66
미국,202304,14975833,55137,32.5,40.86
미국,202305,16829896,61659,32.39,41.52
미국,202306,17478294,68401,32.77,43.98
미국,202307,14446983,64050,29.31,42.51
미국,202308,13112008,51974,27.63,37.77
미국,202309,15543624,53505,29.0,35.49
미국,202310,20732372,67749,32.09,37.24
미국,202311,18733460,62565,28.82,35.71
미국,202312,14249534,52676,25.57,34.72
미국,202401,13124265,46406,23.8,34.34
미국,202402,11762070,39839,24.48,32.96
미국,202403,17708429,54547,25.42,31.48
미국,202404,23084460,70045,26.78,33.01
미국,202405,22396835,75181,25.68,34.15
미국,202406,24329048,83475,27.52,37.27
미국,202407,21870307,81914,26.4,37.3
미국,202408,18121506,64300,22.51,31.78
미국,202409,21979605,64309,22.95,28.46
미국,202410,31596341,89315,26.21,31.25
미국,202411,28436508,80523,24.61,29.97
미국,202412,25269120,77002,23.2,30.96
미국,202501,19119653,58581,22.07,30.46
미국,202502,19309623,53535,22.01,29.46
미국,202503,28511560,75059,21.87,27.57
미국,202504,38121822,95000,23.84,28.35
미국,202505,32285222,90947,22.44,27.09
미국,202506,33720929,101523,23.82,30.12
미국,202507,29741737,94030,23.24,30.22
미국,202508,23424314,68884,19.38,24.59
미국,202509,34358089,84346,20.66,22.49
미국,202510,38943033,98009,24.14,26.04
미국,202511,42069739,106172,22.06,24.84
미국,202512,39750117,97662,19.34,23.94
미국,202601,28135638,76043,22.11,24.58
미국,202602,23725564,61674,21.64,23.59
미국,202603,39984144,100134,19.56,20.95
미국,202604,51616922,127776,20.66,22.21
미국,202605,46231107,127218,18.41,21.3
미국,202606,50495338,145281,20.13,24.28
미국,202607,44079678,134314,20.69,25.92
일본,202001,4812535,11182,12.63,11.08
일본,202002,5066168,12048,17.93,15.16
일본,202003,927857,2668,11.02,10.17
일본,202004,337545,1993,5.48,8.26
일본,202005,439930,2179,7.08,7.49
일본,202006,498165,2554,6.9,7.43
일본,202007,444582,2478,5.33,6.59
일본,202008,443226,2446,6.2,7.11
일본,202009,400787,2545,5.4,7.43
일본,202010,470926,2715,6.29,7.87
일본,202011,498773,2457,5.88,6.74
일본,202012,538128,2670,6.01,7.12
일본,202101,485323,2725,6.29,8.29
일본,202102,493430,2519,7.54,8.09
일본,202103,644103,3174,7.67,8.24
일본,202104,497883,2879,6.09,7.29
일본,202105,585748,3020,6.87,7.4
일본,202106,557798,3434,5.25,6.89
일본,202107,553861,3196,4.85,5.69
일본,202108,647792,3605,6.27,7.08
일본,202109,650490,3544,6.84,7.95
일본,202110,646581,3641,5.91,7.35
일본,202111,758378,4019,6.71,7.41
일본,202112,686803,3959,6.66,7.67
일본,202201,580200,3102,6.86,7.82
일본,202202,610823,3478,6.56,8.78
일본,202203,792677,4250,8.08,8.58
일본,202204,736534,4327,5.05,7.33
일본,202205,981209,5004,5.2,6.76
일본,202206,945411,4871,4.07,5.78
일본,202207,1955447,6424,7.61,6.53
일본,202208,3305437,9816,13.39,10.74
일본,202209,3061960,7719,11.24,8.51
일본,202210,3926182,9591,11.26,8.88
일본,202211,4115368,9628,12.22,9.06
일본,202212,4631815,10409,14.23,9.77
일본,202301,4198658,9352,15.9,11.22
일본,202302,5264494,10766,18.54,14.02
일본,202303,7425003,17111,18.64,15.27
일본,202304,7862522,17131,17.06,12.69
일본,202305,10298113,23656,19.82,15.93
일본,202306,12275627,28710,23.01,18.46
일본,202307,12585076,29758,25.53,19.75
일본,202308,12228990,29910,25.77,21.74
일본,202309,14318122,34760,26.71,23.05
일본,202310,13997864,34924,21.66,19.2
일본,202311,16780966,40186,25.81,22.94
일본,202312,12741390,29035,22.86,19.14
일본,202401,12117792,26883,21.98,19.89
일본,202402,12293075,29396,25.59,24.32
일본,202403,17209700,43083,24.71,24.86
일본,202404,18670152,42215,21.66,19.9
일본,202405,19440154,45401,22.29,20.62
일본,202406,20273649,49545,22.93,22.12
일본,202407,19094916,46812,23.05,21.32
일본,202408,19642811,49033,24.4,24.23
일본,202409,22972301,57700,23.98,25.54
일본,202410,24654211,63051,20.45,22.06
일본,202411,26344673,67795,22.8,25.23
일본,202412,21549656,49960,19.79,20.09
일본,202501,15945784,38340,18.4,19.94
일본,202502,18283812,44403,20.84,24.44
일본,202503,24673509,65326,18.92,23.99
일본,202504,23284957,55414,14.56,16.54
일본,202505,24922851,65941,17.32,19.64
일본,202506,26460800,71819,18.69,21.31
일본,202507,26014173,70077,20.32,22.52
일본,202508,25830586,70654,21.37,25.22
일본,202509,32984278,93614,19.83,24.96
일본,202510,25614810,72313,15.88,19.21
일본,202511,35212132,97419,18.46,22.79
일본,202512,36145736,84822,17.59,20.79
일본,202601,20995402,63541,16.5,20.54
일본,202602,19418525,59683,17.71,22.83
일본,202603,31071307,105518,15.2,22.07
일본,202604,29615537,89109,11.85,15.49
일본,202605,32971057,104474,13.13,17.49
일본,202606,34331379,107686,13.69,18.0
일본,202607,28561957,91356,13.4,17.63
중국,202001,17084085,36395,44.82,36.06
중국,202002,11044578,24027,39.1,30.24
중국,202003,2479139,3754,29.45,14.31
중국,202004,2420451,3332,39.29,13.8
중국,202005,1827925,3672,29.43,12.62
중국,202006,2053886,3688,28.43,10.73
중국,202007,2415838,4412,28.97,11.73
중국,202008,1606961,4199,22.5,12.21
중국,202009,2134513,4563,28.74,13.33
중국,202010,1650836,4370,22.06,12.67
중국,202011,2218665,5464,26.16,14.98
중국,202012,2376570,4783,26.52,12.76
중국,202101,1990235,3400,25.8,10.34
중국,202102,1143888,2748,17.48,8.82
중국,202103,1492713,3492,17.78,9.07
중국,202104,1376043,3118,16.82,7.89
중국,202105,1383401,3365,16.23,8.24
중국,202106,1561748,3787,14.7,7.6
중국,202107,1500564,3769,13.15,6.71
중국,202108,1317382,3534,12.74,6.94
중국,202109,1316516,3186,13.85,7.14
중국,202110,1323165,3406,12.09,6.88
중국,202111,947682,3608,8.38,6.65
중국,202112,721760,3711,6.99,7.19
중국,202201,750210,3120,8.88,7.87
중국,202202,1493407,3749,16.03,9.46
중국,202203,1144648,4819,11.67,9.73
중국,202204,1107174,4186,7.6,7.09
중국,202205,1530586,4437,8.11,6.0
중국,202206,1937931,4501,8.34,5.34
중국,202207,1976537,5431,7.69,5.52
중국,202208,2020399,6339,8.19,6.93
중국,202209,1399303,5972,5.14,6.58
중국,202210,1595235,7008,4.57,6.49
중국,202211,2064026,7550,6.13,7.11
중국,202212,3063674,11104,9.41,10.43
중국,202301,2875389,7776,10.89,9.33
중국,202302,2574851,5844,9.07,7.61
중국,202303,2982945,8039,7.49,7.17
중국,202304,4612524,11137,10.01,8.25
중국,202305,5845170,12267,11.25,8.26
중국,202306,6663242,12124,12.49,7.79
중국,202307,6392441,12058,12.97,8.0
중국,202308,6011293,11601,12.67,8.43
중국,202309,5405720,12173,10.09,8.07
중국,202310,6913179,14301,10.7,7.86
중국,202311,6959884,13039,10.71,7.44
중국,202312,7801741,13923,14.0,9.18
중국,202401,9992519,13034,18.12,9.64
중국,202402,6934823,11435,14.43,9.46
중국,202403,8137467,13476,11.68,7.78
중국,202404,10100156,16493,11.72,7.77
중국,202405,9558097,16193,10.96,7.35
중국,202406,10663229,17273,12.06,7.71
중국,202407,10470309,18148,12.64,8.26
중국,202408,11731754,17906,14.57,8.85
중국,202409,12246266,18293,12.78,8.1
중국,202410,12415687,19847,10.3,6.94
중국,202411,12142115,18116,10.51,6.74
중국,202412,14049711,19590,12.9,7.88
중국,202501,13766969,15854,15.89,8.24
중국,202502,10103412,12913,11.52,7.11
중국,202503,15969315,20964,12.25,7.7
중국,202504,21154043,25441,13.23,7.59
중국,202505,20034828,25323,13.93,7.54
중국,202506,20883098,26029,14.75,7.72
중국,202507,19579121,27120,15.3,8.72
중국,202508,18934385,25057,15.67,8.94
중국,202509,22075866,28584,13.27,7.62
중국,202510,16683436,25339,10.34,6.73
중국,202511,19492224,26241,10.22,6.14
중국,202512,26077894,30544,12.69,7.49
중국,202601,22943792,27693,18.03,8.95
중국,202602,17246117,22534,15.73,8.62
중국,202603,44782801,55908,21.91,11.7
중국,202604,62341698,71232,24.95,12.38
중국,202605,63638995,72337,25.34,12.11
중국,202606,66551785,79589,26.53,13.3
중국,202607,57717214,69358,27.09,13.38
태국,202001,610020,884,1.6,0.88
태국,202002,834379,1047,2.95,1.32
태국,202003,50446,291,0.6,1.11
태국,202004,94051,293,1.53,1.21
태국,202005,59172,302,0.95,1.04
태국,202006,49550,340,0.69,0.99
태국,202007,40846,323,0.49,0.86
태국,202008,53629,327,0.75,0.95
태국,202009,39561,307,0.53,0.9
태국,202010,67667,234,0.9,0.68
태국,202011,48392,225,0.57,0.62
태국,202012,40220,297,0.45,0.79
태국,202101,35844,236,0.46,0.72
태국,202102,27255,203,0.42,0.65
태국,202103,49830,246,0.59,0.64
태국,202104,42889,255,0.52,0.65
태국,202105,41435,239,0.49,0.59
태국,202106,60921,262,0.57,0.53
태국,202107,38954,259,0.34,0.46
태국,202108,33572,271,0.32,0.53
태국,202109,50400,301,0.53,0.67
태국,202110,39176,316,0.36,0.64
태국,202111,63646,444,0.56,0.82
태국,202112,66912,361,0.65,0.7
태국,202201,48123,363,0.57,0.92
태국,202202,63013,324,0.68,0.82
태국,202203,60631,552,0.62,1.11
태국,202204,784831,721,5.39,1.22
태국,202205,835905,1027,4.43,1.39
태국,202206,1261137,1412,5.43,1.68
태국,202207,980831,1906,3.82,1.94
태국,202208,1075339,1420,4.36,1.55
태국,202209,1197881,1415,4.4,1.56
태국,202210,1835277,2999,5.26,2.78
태국,202211,1494728,2413,4.44,2.27
태국,202212,1991580,2882,6.12,2.71
태국,202301,1084009,1702,4.11,2.04
태국,202302,1759135,1823,6.19,2.37
태국,202303,2697384,3140,6.77,2.8
태국,202304,3541860,5329,7.69,3.95
태국,202305,2676200,4080,5.15,2.75
태국,202306,2169370,3386,4.07,2.18
태국,202307,2719246,3031,5.52,2.01
태국,202308,1613582,2425,3.4,1.76
태국,202309,2055718,3110,3.84,2.06
태국,202310,3612775,5642,5.59,3.1
태국,202311,2394546,3858,3.68,2.2
태국,202312,2310494,3603,4.15,2.37
태국,202401,1545824,2434,2.8,1.8
태국,202402,1715556,2348,3.57,1.94
태국,202403,2355567,3518,3.38,2.03
태국,202404,3961113,5942,4.6,2.8
태국,202405,2595881,4089,2.98,1.86
태국,202406,2321791,3149,2.63,1.41
태국,202407,2322015,2839,2.8,1.29
태국,202408,1530559,2386,1.9,1.18
태국,202409,1981250,2783,2.07,1.23
태국,202410,4264489,5607,3.54,1.96
태국,202411,2960272,4131,2.56,1.54
태국,202412,3136825,4462,2.88,1.79
태국,202501,1951242,2915,2.25,1.52
태국,202502,2614056,3009,2.98,1.66
태국,202503,3207307,4163,2.46,1.53
태국,202504,6001598,7405,3.75,2.21
태국,202505,3836111,5641,2.67,1.68
태국,202506,2550741,4256,1.8,1.26
태국,202507,2385120,4229,1.86,1.36
태국,202508,1882759,3190,1.56,1.14
태국,202509,2686478,4567,1.62,1.22
태국,202510,5116462,7837,3.17,2.08
태국,202511,5099337,7762,2.67,1.82
태국,202512,6385636,9471,3.11,2.32
태국,202601,2735250,5528,2.15,1.79
태국,202602,3134607,4789,2.86,1.83
태국,202603,6353494,10202,3.11,2.13
태국,202604,8515206,14652,3.41,2.55
태국,202605,5478850,9672,2.18,1.62
태국,202606,4366138,7511,1.74,1.26
태국,202607,3728227,6444,1.75,1.24
홍콩,202001,1137537,4084,2.98,4.05
홍콩,202002,872019,3344,3.09,4.21
홍콩,202003,217639,603,2.59,2.3
홍콩,202004,94378,532,1.53,2.2
홍콩,202005,121703,641,1.96,2.2
홍콩,202006,175107,721,2.42,2.1
홍콩,202007,240631,824,2.89,2.19
홍콩,202008,169001,778,2.37,2.26
홍콩,202009,165811,786,2.23,2.3
홍콩,202010,152935,674,2.04,1.95
홍콩,202011,131457,505,1.55,1.38
홍콩,202012,127071,474,1.42,1.26
홍콩,202101,137194,479,1.78,1.46
홍콩,202102,125557,499,1.92,1.6
홍콩,202103,177790,656,2.12,1.7
홍콩,202104,206936,668,2.53,1.69
홍콩,202105,183711,663,2.16,1.62
홍콩,202106,247368,629,2.33,1.26
홍콩,202107,264104,996,2.31,1.77
홍콩,202108,245597,943,2.38,1.85
홍콩,202109,216247,800,2.27,1.79
홍콩,202110,264704,838,2.42,1.69
홍콩,202111,180417,875,1.6,1.61
홍콩,202112,230287,856,2.23,1.66
홍콩,202201,230434,674,2.73,1.7
홍콩,202202,216372,727,2.32,1.84
홍콩,202203,283014,1190,2.88,2.4
홍콩,202204,440031,1407,3.02,2.38
홍콩,202205,544405,1554,2.89,2.1
홍콩,202206,708199,1661,3.05,1.97
홍콩,202207,897884,2537,3.49,2.58
홍콩,202208,648257,2078,2.63,2.27
홍콩,202209,680308,1703,2.5,1.88
홍콩,202210,1033853,2049,2.96,1.9
홍콩,202211,1090070,1953,3.24,1.84
홍콩,202212,1162629,2935,3.57,2.76
홍콩,202301,957895,2273,3.63,2.73
홍콩,202302,815255,1615,2.87,2.1
홍콩,202303,996554,2166,2.5,1.93
홍콩,202304,1244630,2752,2.7,2.04
홍콩,202305,1104413,2570,2.13,1.73
홍콩,202306,1124532,2602,2.11,1.67
홍콩,202307,1255666,3269,2.55,2.17
홍콩,202308,1398244,2826,2.95,2.05
홍콩,202309,1239580,2577,2.31,1.71
홍콩,202310,1590791,3231,2.46,1.78
홍콩,202311,1473061,2997,2.27,1.71
홍콩,202312,1664089,3770,2.99,2.48
홍콩,202401,1495912,2937,2.71,2.17
홍콩,202402,1423015,2832,2.96,2.34
홍콩,202403,2257099,3577,3.24,2.06
홍콩,202404,2836605,4633,3.29,2.18
홍콩,202405,3299755,5216,3.78,2.37
홍콩,202406,3836868,5818,4.34,2.6
홍콩,202407,4117679,7068,4.97,3.22
홍콩,202408,3764793,6553,4.68,3.24
홍콩,202409,4638632,6586,4.84,2.91
홍콩,202410,5823650,7998,4.83,2.8
홍콩,202411,5552144,7560,4.8,2.81
홍콩,202412,5875478,8808,5.4,3.54
홍콩,202501,4428692,7268,5.11,3.78
홍콩,202502,4849243,6356,5.53,3.5
홍콩,202503,7623108,9563,5.85,3.51
홍콩,202504,9372933,12909,5.86,3.85
홍콩,202505,7940411,12446,5.52,3.71
홍콩,202506,7487264,12314,5.29,3.65
홍콩,202507,6880595,12575,5.38,4.04
홍콩,202508,6365768,10925,5.27,3.9
홍콩,202509,9379409,13522,5.64,3.61
홍콩,202510,8209985,11818,5.09,3.14
홍콩,202511,10972534,14525,5.75,3.4
홍콩,202512,11807254,16745,5.74,4.1
홍콩,202601,6110836,11514,4.8,3.72
홍콩,202602,5758826,10640,5.25,4.07
홍콩,202603,10373215,16929,5.07,3.54
홍콩,202604,11535065,22137,4.62,3.85
홍콩,202605,11513695,21040,4.58,3.52
홍콩,202606,11439150,21033,4.56,3.52
홍콩,202607,9733855,19906,4.57,3.84
