국가명,기준연월,진료과목,소비액 비율(%),소비건수 비율(%)
대만,202001,대학/종합병원,10.71,7.43
대만,202001,성형외과,63.72,7.27
대만,202001,안과,0.02,0.25
대만,202001,약국,17.49,77.78
대만,202001,치과,2.38,2.45
대만,202001,피부과,5.2,3.51
대만,202001,한약방,0.09,0.41
대만,202001,한의학과,0.39,0.9
대만,202002,대학/종합병원,6.41,3.63
대만,202002,성형외과,54.11,4.65
대만,202002,안과,0.46,0.47
대만,202002,약국,32.74,87.7
대만,202002,치과,1.89,0.71
대만,202002,피부과,2.31,1.42
대만,202002,한약방,0.11,0.55
대만,202002,한의학과,1.98,0.87
대만,202003,대학/종합병원,20.47,6.43
대만,202003,성형외과,24.33,5.71
대만,202003,안과,0.1,1.43
대만,202003,약국,9.42,70.0
대만,202003,치과,28.72,10.71
대만,202003,피부과,16.9,5.0
대만,202003,한약방,0.05,0.71
대만,202004,대학/종합병원,11.57,7.38
대만,202004,성형외과,0.23,2.01
대만,202004,안과,14.78,2.01
대만,202004,약국,8.29,52.35
대만,202004,치과,13.29,9.4
대만,202004,피부과,35.72,12.08
대만,202004,한의학과,16.13,14.77
대만,202005,대학/종합병원,14.97,9.15
대만,202005,성형외과,12.06,1.83
대만,202005,안과,0.74,2.44
대만,202005,약국,7.53,53.66
대만,202005,치과,29.51,15.85
대만,202005,피부과,31.67,10.98
대만,202005,한의학과,3.53,6.1
대만,202006,대학/종합병원,12.61,7.08
대만,202006,성형외과,13.36,5.0
대만,202006,안과,2.3,1.25
대만,202006,약국,8.37,61.25
대만,202006,치과,19.91,12.5
대만,202006,피부과,41.31,10.83
대만,202006,한의학과,2.14,2.08
대만,202007,대학/종합병원,15.13,9.29
대만,202007,성형외과,3.15,3.54
대만,202007,안과,0.32,1.77
대만,202007,약국,9.96,56.64
대만,202007,치과,20.67,10.62
대만,202007,피부과,46.33,11.5
대만,202007,한약방,0.17,0.44
대만,202007,한의학과,4.26,6.19
대만,202008,대학/종합병원,7.97,8.08
대만,202008,성형외과,24.8,4.55
대만,202008,안과,0.08,0.51
대만,202008,약국,10.13,56.57
대만,202008,치과,25.38,14.65
대만,202008,피부과,23.48,10.1
대만,202008,한의학과,8.14,5.56
대만,202009,대학/종합병원,23.04,12.02
대만,202009,성형외과,20.57,4.92
대만,202009,안과,20.76,2.73
대만,202009,약국,6.06,56.83
대만,202009,치과,1.85,4.37
대만,202009,피부과,20.43,16.39
대만,202009,한약방,0.03,0.55
대만,202009,한의학과,7.26,2.19
대만,202010,대학/종합병원,15.6,7.78
대만,202010,성형외과,12.54,5.99
대만,202010,안과,0.21,2.4
대만,202010,약국,12.9,59.88
대만,202010,치과,27.37,9.58
대만,202010,피부과,17.75,12.57
대만,202010,한약방,0.06,0.6
대만,202010,한의학과,13.57,1.2
대만,202011,대학/종합병원,11.55,6.31
대만,202011,성형외과,22.31,3.88
대만,202011,안과,0.63,1.94
대만,202011,약국,11.56,56.31
대만,202011,치과,33.53,16.99
대만,202011,피부과,18.27,8.25
대만,202011,한약방,0.05,0.49
대만,202011,한의학과,2.11,5.83
대만,202012,대학/종합병원,48.7,48.91
대만,202012,성형외과,6.37,3.12
대만,202012,안과,0.28,0.93
대만,202012,약국,5.34,30.53
대만,202012,치과,25.52,8.72
대만,202012,피부과,13.26,6.85
대만,202012,한의학과,0.54,0.93
대만,202101,대학/종합병원,28.71,50.19
대만,202101,성형외과,22.36,4.21
대만,202101,약국,4.21,28.35
대만,202101,치과,8.26,6.9
대만,202101,피부과,30.69,9.58
대만,202101,한의학과,5.77,0.77
대만,202102,대학/종합병원,24.37,34.13
대만,202102,성형외과,1.92,2.4
대만,202102,약국,5.42,40.12
대만,202102,치과,33.67,10.18
대만,202102,피부과,23.75,7.78
대만,202102,한의학과,10.86,5.39
대만,202103,대학/종합병원,16.03,26.58
대만,202103,성형외과,7.25,3.16
대만,202103,안과,1.86,0.63
대만,202103,약국,6.54,44.94
대만,202103,치과,18.1,8.23
대만,202103,피부과,45.75,12.66
대만,202103,한의학과,4.46,3.8
대만,202104,대학/종합병원,41.95,30.81
대만,202104,성형외과,3.88,4.27
대만,202104,안과,0.17,0.95
대만,202104,약국,8.89,45.5
대만,202104,치과,8.43,7.11
대만,202104,피부과,23.7,8.06
대만,202104,한의학과,12.98,3.32
대만,202105,대학/종합병원,53.66,35.48
대만,202105,성형외과,0.84,1.84
대만,202105,약국,7.02,41.94
대만,202105,치과,8.85,5.07
대만,202105,피부과,22.54,10.6
대만,202105,한약방,0.14,0.46
대만,202105,한의학과,6.94,4.61
대만,202106,대학/종합병원,48.63,41.2
대만,202106,성형외과,8.27,1.87
대만,202106,안과,0.14,1.87
대만,202106,약국,7.1,37.45
대만,202106,치과,14.22,7.49
대만,202106,피부과,19.27,8.24
대만,202106,한의학과,2.37,1.87
대만,202107,대학/종합병원,30.94,40.38
대만,202107,성형외과,1.24,1.58
대만,202107,안과,4.68,1.58
대만,202107,약국,4.51,34.38
대만,202107,치과,18.49,7.26
대만,202107,피부과,21.2,11.04
대만,202107,한약방,0.52,0.32
대만,202107,한의학과,18.42,3.47
대만,202108,대학/종합병원,33.18,41.58
대만,202108,성형외과,1.19,1.32
대만,202108,안과,0.39,1.32
대만,202108,약국,6.78,39.47
대만,202108,치과,29.91,5.0
대만,202108,피부과,20.41,8.42
대만,202108,한의학과,8.13,2.89
대만,202109,대학/종합병원,26.85,30.37
대만,202109,성형외과,17.27,2.58
대만,202109,안과,4.3,1.15
대만,202109,약국,12.31,47.85
대만,202109,치과,14.79,7.16
대만,202109,피부과,19.93,6.02
대만,202109,한의학과,4.55,4.87
대만,202110,대학/종합병원,30.25,29.8
대만,202110,성형외과,6.8,1.32
대만,202110,안과,0.55,1.99
대만,202110,약국,6.14,46.36
대만,202110,치과,8.45,5.63
대만,202110,피부과,35.91,9.27
대만,202110,한의학과,11.9,5.63
대만,202111,대학/종합병원,24.18,37.95
대만,202111,성형외과,30.52,3.6
대만,202111,안과,0.01,0.28
대만,202111,약국,3.44,35.73
대만,202111,치과,13.24,8.31
대만,202111,피부과,23.25,10.25
대만,202111,한의학과,5.36,3.88
대만,202112,대학/종합병원,66.63,39.95
대만,202112,성형외과,11.31,2.51
대만,202112,안과,0.12,1.51
대만,202112,약국,4.21,40.95
대만,202112,치과,5.5,5.28
대만,202112,피부과,11.51,7.04
대만,202112,한의학과,0.73,2.76
대만,202201,대학/종합병원,24.28,37.06
대만,202201,성형외과,8.9,1.92
대만,202201,안과,3.82,1.28
대만,202201,약국,5.96,41.85
대만,202201,치과,6.63,7.03
대만,202201,피부과,41.2,6.71
대만,202201,한의학과,9.21,4.15
대만,202202,대학/종합병원,19.3,21.77
대만,202202,성형외과,6.39,2.95
대만,202202,안과,14.26,1.48
대만,202202,약국,9.89,51.66
대만,202202,치과,26.47,10.7
대만,202202,피부과,22.7,8.86
대만,202202,한약방,0.12,0.74
대만,202202,한의학과,0.86,1.85
대만,202203,대학/종합병원,40.96,21.21
대만,202203,성형외과,1.39,1.4
대만,202203,약국,7.3,58.28
대만,202203,치과,14.85,5.83
대만,202203,피부과,31.62,9.56
대만,202203,한약방,0.6,0.23
대만,202203,한의학과,3.28,3.5
대만,202204,대학/종합병원,32.61,19.01
대만,202204,성형외과,13.0,1.46
대만,202204,안과,0.37,1.46
대만,202204,약국,9.9,55.85
대만,202204,치과,9.63,4.97
대만,202204,피부과,29.19,13.16
대만,202204,한약방,0.04,0.29
대만,202204,한의학과,5.27,3.8
대만,202205,대학/종합병원,23.27,24.74
대만,202205,성형외과,10.41,1.84
대만,202205,안과,1.62,2.25
대만,202205,약국,14.86,50.51
대만,202205,치과,12.1,6.95
대만,202205,피부과,36.09,10.84
대만,202205,한약방,0.02,0.2
대만,202205,한의학과,1.64,2.66
대만,202206,대학/종합병원,27.41,32.63
대만,202206,성형외과,31.21,2.42
대만,202206,안과,3.13,2.26
대만,202206,약국,5.82,46.53
대만,202206,치과,17.84,6.3
대만,202206,피부과,13.32,8.4
대만,202206,한의학과,1.27,1.45
대만,202207,대학/종합병원,9.09,23.16
대만,202207,성형외과,55.18,3.37
대만,202207,안과,0.15,1.38
대만,202207,약국,5.5,55.83
대만,202207,치과,5.55,5.21
대만,202207,피부과,21.7,9.05
대만,202207,한약방,0.02,0.31
대만,202207,한의학과,2.81,1.69
대만,202208,대학/종합병원,6.22,13.36
대만,202208,성형외과,59.94,7.47
대만,202208,안과,4.34,2.16
대만,202208,약국,5.83,62.07
대만,202208,치과,8.85,4.17
대만,202208,피부과,12.73,9.63
대만,202208,한약방,0.01,0.14
대만,202208,한의학과,2.08,1.01
대만,202209,대학/종합병원,2.88,6.51
대만,202209,성형외과,59.43,11.39
대만,202209,안과,0.63,1.25
대만,202209,약국,4.27,60.08
대만,202209,치과,11.85,4.63
대만,202209,피부과,19.29,12.39
대만,202209,한약방,0.01,0.25
대만,202209,한의학과,1.63,3.5
대만,202210,대학/종합병원,3.21,4.51
대만,202210,성형외과,52.41,10.3
대만,202210,안과,3.96,1.29
대만,202210,약국,8.15,61.05
대만,202210,치과,5.0,6.44
대만,202210,피부과,26.06,13.09
대만,202210,한약방,0.01,0.21
대만,202210,한의학과,1.21,3.11
대만,202211,대학/종합병원,7.27,6.97
대만,202211,성형외과,51.95,20.82
대만,202211,안과,0.05,0.28
대만,202211,약국,5.42,53.53
대만,202211,치과,3.33,2.32
대만,202211,피부과,29.85,13.85
대만,202211,한약방,0.01,0.56
대만,202211,한의학과,2.13,1.67
대만,202212,대학/종합병원,14.7,5.56
대만,202212,성형외과,26.51,7.92
대만,202212,안과,1.51,0.64
대만,202212,약국,5.26,63.11
대만,202212,치과,6.11,3.64
대만,202212,피부과,43.08,17.21
대만,202212,한약방,0.01,0.27
대만,202212,한의학과,2.81,1.64
대만,202301,대학/종합병원,5.05,5.33
대만,202301,성형외과,43.59,8.52
대만,202301,안과,3.02,1.35
대만,202301,약국,5.1,64.73
대만,202301,치과,3.42,2.63
대만,202301,피부과,38.9,15.53
대만,202301,한약방,0.03,0.56
대만,202301,한의학과,0.89,1.35
대만,202302,대학/종합병원,4.62,4.44
대만,202302,성형외과,46.85,11.93
대만,202302,안과,0.62,0.9
대만,202302,약국,5.01,58.25
대만,202302,치과,1.43,2.43
대만,202302,피부과,39.8,19.69
대만,202302,한약방,0.02,0.49
대만,202302,한의학과,1.65,1.87
대만,202303,대학/종합병원,6.47,2.97
대만,202303,성형외과,40.31,12.07
대만,202303,안과,0.72,0.88
대만,202303,약국,5.26,58.74
대만,202303,치과,3.49,2.19
대만,202303,피부과,41.71,21.38
대만,202303,한약방,0.02,0.68
대만,202303,한의학과,2.02,1.09
대만,202304,대학/종합병원,3.07,2.99
대만,202304,성형외과,33.35,9.81
대만,202304,안과,2.33,0.68
대만,202304,약국,5.58,60.23
대만,202304,치과,2.33,1.79
대만,202304,피부과,50.18,22.82
대만,202304,한약방,0.02,0.44
대만,202304,한의학과,3.14,1.24
대만,202305,대학/종합병원,3.97,3.44
대만,202305,성형외과,44.09,13.88
대만,202305,안과,0.01,0.13
대만,202305,약국,4.34,59.98
대만,202305,치과,1.46,1.7
대만,202305,피부과,44.82,19.01
대만,202305,한약방,0.06,0.57
대만,202305,한의학과,1.24,1.3
대만,202306,대학/종합병원,5.47,2.75
대만,202306,성형외과,44.28,13.73
대만,202306,안과,1.61,0.99
대만,202306,약국,4.48,58.67
대만,202306,치과,1.71,1.34
대만,202306,피부과,41.66,20.6
대만,202306,한약방,0.02,0.32
대만,202306,한의학과,0.78,1.6
대만,202307,대학/종합병원,4.99,3.83
대만,202307,성형외과,41.63,12.83
대만,202307,안과,0.62,0.93
대만,202307,약국,5.14,61.48
대만,202307,치과,1.34,1.36
대만,202307,피부과,45.85,17.88
대만,202307,한약방,0.04,0.39
대만,202307,한의학과,0.38,1.29
대만,202308,대학/종합병원,5.07,3.55
대만,202308,성형외과,42.49,12.17
대만,202308,안과,1.51,0.89
대만,202308,약국,5.43,61.54
대만,202308,치과,0.88,1.16
대만,202308,피부과,44.33,19.6
대만,202308,한약방,0.05,0.41
대만,202308,한의학과,0.23,0.68
대만,202309,대학/종합병원,6.12,3.14
대만,202309,성형외과,39.74,15.3
대만,202309,안과,0.17,0.51
대만,202309,약국,3.49,55.19
대만,202309,치과,0.77,0.97
대만,202309,피부과,49.24,23.72
대만,202309,한약방,0.01,0.35
대만,202309,한의학과,0.45,0.81
대만,202310,대학/종합병원,1.95,2.36
대만,202310,성형외과,31.38,14.91
대만,202310,안과,0.79,0.49
대만,202310,약국,4.03,56.37
대만,202310,치과,1.01,1.43
대만,202310,피부과,60.19,23.14
대만,202310,한약방,0.01,0.31
대만,202310,한의학과,0.64,1.0
대만,202311,대학/종합병원,2.26,2.76
대만,202311,성형외과,41.59,18.57
대만,202311,안과,1.71,0.66
대만,202311,약국,2.37,50.45
대만,202311,치과,0.75,1.5
대만,202311,피부과,50.93,25.08
대만,202311,한약방,0.03,0.34
대만,202311,한의학과,0.35,0.66
대만,202312,대학/종합병원,11.85,2.26
대만,202312,성형외과,33.65,18.87
대만,202312,안과,2.29,1.19
대만,202312,약국,2.17,48.12
대만,202312,치과,0.86,1.26
대만,202312,피부과,48.69,27.38
대만,202312,한약방,0.01,0.36
대만,202312,한의학과,0.49,0.56
대만,202401,대학/종합병원,4.22,2.68
대만,202401,성형외과,41.84,17.57
대만,202401,안과,1.89,0.84
대만,202401,약국,2.75,54.55
대만,202401,치과,1.6,1.15
대만,202401,피부과,47.44,22.45
대만,202401,한약방,0.02,0.26
대만,202401,한의학과,0.24,0.51
대만,202402,대학/종합병원,2.02,3.1
대만,202402,성형외과,39.49,17.25
대만,202402,안과,3.42,1.35
대만,202402,약국,2.75,50.27
대만,202402,치과,0.64,1.28
대만,202402,피부과,51.26,25.91
대만,202402,한약방,0.0,0.07
대만,202402,한의학과,0.42,0.76
대만,202403,대학/종합병원,2.36,1.15
대만,202403,성형외과,32.1,18.1
대만,202403,안과,3.65,1.5
대만,202403,약국,2.1,43.85
대만,202403,치과,0.41,1.02
대만,202403,피부과,59.1,33.37
대만,202403,한약방,0.0,0.22
대만,202403,한의학과,0.26,0.79
대만,202404,대학/종합병원,0.61,0.91
대만,202404,성형외과,28.46,15.09
대만,202404,안과,3.15,1.24
대만,202404,약국,2.09,43.69
대만,202404,치과,0.9,0.83
대만,202404,피부과,64.59,37.57
대만,202404,한약방,0.01,0.12
대만,202404,한의학과,0.19,0.56
대만,202405,대학/종합병원,0.48,0.88
대만,202405,성형외과,23.65,14.19
대만,202405,안과,2.95,1.5
대만,202405,약국,1.38,36.54
대만,202405,치과,0.34,0.98
대만,202405,피부과,70.98,45.17
대만,202405,한약방,0.0,0.21
대만,202405,한의학과,0.22,0.54
대만,202406,대학/종합병원,0.21,0.89
대만,202406,성형외과,24.0,13.91
대만,202406,안과,3.31,1.61
대만,202406,약국,1.43,37.31
대만,202406,치과,0.46,0.61
대만,202406,피부과,70.39,45.03
대만,202406,한약방,0.01,0.14
대만,202406,한의학과,0.19,0.52
대만,202407,대학/종합병원,0.56,1.32
대만,202407,성형외과,24.71,12.02
대만,202407,안과,3.32,1.59
대만,202407,약국,2.04,46.2
대만,202407,치과,0.87,1.03
대만,202407,피부과,68.1,36.84
대만,202407,한약방,0.0,0.17
대만,202407,한의학과,0.4,0.81
대만,202408,대학/종합병원,0.46,0.94
대만,202408,성형외과,24.06,11.69
대만,202408,안과,2.73,1.44
대만,202408,약국,1.74,44.4
대만,202408,치과,1.28,1.22
대만,202408,피부과,69.37,39.35
대만,202408,한약방,0.0,0.15
대만,202408,한의학과,0.36,0.79
대만,202409,대학/종합병원,0.73,0.61
대만,202409,성형외과,18.09,10.24
대만,202409,안과,2.84,1.08
대만,202409,약국,1.87,41.71
대만,202409,치과,0.68,0.8
대만,202409,피부과,75.54,44.97
대만,202409,한약방,0.0,0.14
대만,202409,한의학과,0.25,0.45
대만,202410,대학/종합병원,0.68,0.88
대만,202410,성형외과,18.77,9.61
대만,202410,안과,3.11,1.36
대만,202410,약국,1.66,42.01
대만,202410,치과,0.85,0.82
대만,202410,피부과,74.52,44.69
대만,202410,한약방,0.0,0.08
대만,202410,한의학과,0.41,0.54
대만,202411,대학/종합병원,0.3,0.69
대만,202411,성형외과,18.05,9.52
대만,202411,안과,2.67,1.34
대만,202411,약국,1.57,39.89
대만,202411,치과,0.93,0.94
대만,202411,피부과,76.18,47.06
대만,202411,한약방,0.0,0.11
대만,202411,한의학과,0.29,0.45
대만,202412,대학/종합병원,0.47,0.74
대만,202412,성형외과,16.7,7.76
대만,202412,안과,3.2,1.34
대만,202412,약국,1.83,44.81
대만,202412,치과,0.64,0.94
대만,202412,피부과,77.06,44.08
대만,202412,한약방,0.0,0.07
대만,202412,한의학과,0.1,0.26
대만,202501,대학/종합병원,0.62,1.22
대만,202501,성형외과,18.56,7.81
대만,202501,안과,3.15,1.31
대만,202501,약국,1.89,46.76
대만,202501,치과,0.74,0.83
대만,202501,피부과,74.83,41.66
대만,202501,한약방,0.0,0.08
대만,202501,한의학과,0.21,0.32
대만,202502,대학/종합병원,0.97,1.17
대만,202502,성형외과,17.26,7.38
대만,202502,안과,3.68,1.37
대만,202502,약국,2.35,47.75
대만,202502,치과,0.37,0.78
대만,202502,피부과,75.05,41.15
대만,202502,한약방,0.0,0.05
대만,202502,한의학과,0.31,0.35
대만,202503,대학/종합병원,0.24,0.6
대만,202503,성형외과,16.51,7.14
대만,202503,안과,3.71,1.4
대만,202503,약국,2.62,48.9
대만,202503,치과,0.65,0.54
대만,202503,피부과,76.13,41.07
대만,202503,한약방,0.01,0.13
대만,202503,한의학과,0.14,0.22
대만,202504,대학/종합병원,0.31,0.74
대만,202504,성형외과,16.19,6.63
대만,202504,안과,2.88,1.11
대만,202504,약국,3.31,51.8
대만,202504,치과,0.69,0.81
대만,202504,피부과,76.45,38.61
대만,202504,한약방,0.0,0.07
대만,202504,한의학과,0.16,0.23
대만,202505,대학/종합병원,1.0,0.52
대만,202505,성형외과,15.58,5.44
대만,202505,안과,2.48,0.92
대만,202505,약국,7.37,62.18
대만,202505,치과,0.52,0.58
대만,202505,피부과,72.87,30.06
대만,202505,한약방,0.0,0.12
대만,202505,한의학과,0.16,0.19
대만,202506,대학/종합병원,0.3,0.54
대만,202506,성형외과,15.18,4.75
대만,202506,안과,1.99,0.6
대만,202506,약국,7.67,62.56
대만,202506,치과,1.28,0.55
대만,202506,피부과,73.34,30.63
대만,202506,한약방,0.0,0.06
대만,202506,한의학과,0.23,0.3
대만,202507,대학/종합병원,0.93,0.65
대만,202507,성형외과,15.12,4.57
대만,202507,안과,2.42,0.74
대만,202507,약국,8.5,65.37
대만,202507,치과,0.84,0.59
대만,202507,피부과,71.78,27.68
대만,202507,한약방,0.01,0.15
대만,202507,한의학과,0.39,0.26
대만,202508,대학/종합병원,0.59,0.53
대만,202508,성형외과,14.14,4.05
대만,202508,안과,2.36,0.71
대만,202508,약국,9.08,68.39
대만,202508,치과,1.27,0.5
대만,202508,피부과,72.24,25.45
대만,202508,한약방,0.01,0.08
대만,202508,한의학과,0.32,0.28
대만,202509,대학/종합병원,0.57,0.27
대만,202509,성형외과,14.39,4.34
대만,202509,안과,1.89,0.49
대만,202509,약국,10.32,70.15
대만,202509,치과,0.44,0.32
대만,202509,피부과,71.93,24.09
대만,202509,한약방,0.0,0.08
대만,202509,한의학과,0.44,0.26
대만,202510,대학/종합병원,0.19,0.33
대만,202510,성형외과,13.48,3.48
대만,202510,안과,2.04,0.53
대만,202510,약국,10.95,71.74
대만,202510,치과,0.91,0.42
대만,202510,피부과,72.2,23.22
대만,202510,한약방,0.0,0.07
대만,202510,한의학과,0.22,0.2
대만,202511,대학/종합병원,0.12,0.25
대만,202511,성형외과,13.89,3.78
대만,202511,안과,1.85,0.5
대만,202511,약국,9.7,70.23
대만,202511,치과,0.61,0.37
대만,202511,피부과,73.68,24.63
대만,202511,한약방,0.0,0.05
대만,202511,한의학과,0.14,0.19
대만,202512,대학/종합병원,0.25,0.23
대만,202512,성형외과,13.13,4.19
대만,202512,안과,1.95,0.65
대만,202512,약국,8.52,65.79
대만,202512,치과,0.58,0.4
대만,202512,피부과,75.46,28.55
대만,202512,한약방,0.0,0.04
대만,202512,한의학과,0.11,0.15
대만,202601,대학/종합병원,0.74,0.61
대만,202601,성형외과,9.32,2.13
대만,202601,안과,2.72,0.46
대만,202601,약국,18.59,78.9
대만,202601,치과,0.86,0.38
대만,202601,피부과,67.69,17.36
대만,202601,한약방,0.0,0.05
대만,202601,한의학과,0.07,0.11
대만,202602,대학/종합병원,0.37,0.55
대만,202602,성형외과,11.79,2.31
대만,202602,안과,2.51,0.5
대만,202602,약국,18.43,79.31
대만,202602,치과,0.72,0.46
대만,202602,피부과,66.04,16.66
대만,202602,한약방,0.0,0.07
대만,202602,한의학과,0.14,0.13
대만,202603,대학/종합병원,0.46,0.26
대만,202603,성형외과,11.69,2.37
대만,202603,안과,2.08,0.39
대만,202603,약국,19.21,79.02
대만,202603,치과,0.39,0.33
대만,202603,피부과,65.98,17.31
대만,202603,한약방,0.03,0.2
대만,202603,한의학과,0.15,0.12
대만,202604,대학/종합병원,0.25,0.31
대만,202604,성형외과,10.24,1.98
대만,202604,안과,1.91,0.32
대만,202604,약국,22.68,81.87
대만,202604,치과,0.96,0.36
대만,202604,피부과,63.8,14.98
대만,202604,한약방,0.0,0.04
대만,202604,한의학과,0.17,0.14
대만,202605,대학/종합병원,0.4,0.28
대만,202605,성형외과,10.5,2.55
대만,202605,안과,1.4,0.3
대만,202605,약국,21.28,80.77
대만,202605,치과,0.64,0.29
대만,202605,피부과,65.62,15.66
대만,202605,한약방,0.0,0.04
대만,202605,한의학과,0.15,0.11
대만,202606,대학/종합병원,0.4,0.24
대만,202606,성형외과,10.97,2.38
대만,202606,안과,1.59,0.32
대만,202606,약국,21.97,81.46
대만,202606,치과,0.47,0.28
대만,202606,피부과,64.39,15.05
대만,202606,한약방,0.02,0.14
대만,202606,한의학과,0.18,0.13
대만,202607,대학/종합병원,0.92,0.47
대만,202607,성형외과,11.99,2.4
대만,202607,안과,1.7,0.3
대만,202607,약국,23.66,82.98
대만,202607,치과,0.35,0.27
대만,202607,피부과,61.09,12.91
대만,202607,한약방,0.12,0.54
대만,202607,한의학과,0.18,0.12
미국,202001,대학/종합병원,27.85,22.15
미국,202001,성형외과,29.36,3.35
미국,202001,안과,2.21,1.89
미국,202001,약국,7.78,49.61
미국,202001,치과,13.62,9.07
미국,202001,피부과,15.33,8.9
미국,202001,한약방,0.06,0.07
미국,202001,한의학과,3.79,4.95
미국,202002,대학/종합병원,28.17,19.92
미국,202002,성형외과,21.39,2.96
미국,202002,안과,2.19,1.73
미국,202002,약국,10.41,54.35
미국,202002,치과,17.73,8.77
미국,202002,피부과,15.48,7.52
미국,202002,한약방,0.0,0.04
미국,202002,한의학과,4.62,4.72
미국,202003,대학/종합병원,31.66,23.63
미국,202003,성형외과,19.89,1.85
미국,202003,안과,2.22,1.47
미국,202003,약국,9.77,53.06
미국,202003,치과,19.29,9.23
미국,202003,피부과,12.76,6.2
미국,202003,한약방,0.03,0.07
미국,202003,한의학과,4.39,4.49
미국,202004,대학/종합병원,33.03,23.5
미국,202004,성형외과,13.43,1.55
미국,202004,안과,2.63,1.81
미국,202004,약국,9.95,52.24
미국,202004,치과,21.44,9.63
미국,202004,피부과,14.51,6.5
미국,202004,한약방,0.02,0.07
미국,202004,한의학과,4.98,4.69
미국,202005,대학/종합병원,35.86,22.91
미국,202005,성형외과,12.65,1.75
미국,202005,안과,2.09,1.94
미국,202005,약국,8.75,50.82
미국,202005,치과,20.8,10.0
미국,202005,피부과,13.79,7.68
미국,202005,한약방,0.01,0.05
미국,202005,한의학과,6.05,4.84
미국,202006,대학/종합병원,29.78,24.4
미국,202006,성형외과,12.7,2.08
미국,202006,안과,3.69,2.13
미국,202006,약국,8.87,46.2
미국,202006,치과,20.84,10.71
미국,202006,피부과,18.1,9.06
미국,202006,한약방,0.04,0.07
미국,202006,한의학과,5.97,5.35
미국,202007,대학/종합병원,33.7,24.55
미국,202007,성형외과,14.19,2.41
미국,202007,안과,3.24,2.23
미국,202007,약국,9.07,44.75
미국,202007,치과,18.99,11.12
미국,202007,피부과,16.14,9.24
미국,202007,한약방,0.04,0.06
미국,202007,한의학과,4.63,5.63
미국,202008,대학/종합병원,31.73,24.47
미국,202008,성형외과,12.71,2.49
미국,202008,안과,3.23,2.32
미국,202008,약국,8.3,44.23
미국,202008,치과,20.88,11.54
미국,202008,피부과,17.91,9.21
미국,202008,한약방,0.06,0.02
미국,202008,한의학과,5.18,5.73
미국,202009,대학/종합병원,30.81,26.69
미국,202009,성형외과,17.39,2.41
미국,202009,안과,2.52,2.31
미국,202009,약국,8.47,43.28
미국,202009,치과,19.35,10.31
미국,202009,피부과,16.51,8.77
미국,202009,한약방,0.08,0.1
미국,202009,한의학과,4.87,6.13
미국,202010,대학/종합병원,33.11,25.57
미국,202010,성형외과,16.34,2.59
미국,202010,안과,3.14,2.11
미국,202010,약국,7.73,43.07
미국,202010,치과,18.99,11.02
미국,202010,피부과,15.43,9.24
미국,202010,한약방,0.03,0.06
미국,202010,한의학과,5.23,6.32
미국,202011,대학/종합병원,31.99,26.82
미국,202011,성형외과,19.18,2.72
미국,202011,안과,3.79,2.39
미국,202011,약국,7.01,41.82
미국,202011,치과,17.06,10.84
미국,202011,피부과,15.96,9.04
미국,202011,한약방,0.05,0.05
미국,202011,한의학과,4.96,6.34
미국,202012,대학/종합병원,31.37,25.69
미국,202012,성형외과,17.46,2.7
미국,202012,안과,2.98,2.19
미국,202012,약국,7.57,41.36
미국,202012,치과,20.12,12.13
미국,202012,피부과,16.66,9.45
미국,202012,한약방,0.02,0.03
미국,202012,한의학과,3.81,6.45
미국,202101,대학/종합병원,36.74,30.39
미국,202101,성형외과,14.74,2.38
미국,202101,안과,2.35,2.15
미국,202101,약국,7.28,39.06
미국,202101,치과,19.95,11.29
미국,202101,피부과,14.11,8.8
미국,202101,한약방,0.04,0.04
미국,202101,한의학과,4.79,5.88
미국,202102,대학/종합병원,41.99,36.16
미국,202102,성형외과,11.27,1.8
미국,202102,안과,2.07,1.76
미국,202102,약국,7.34,36.71
미국,202102,치과,17.55,9.98
미국,202102,피부과,15.37,8.15
미국,202102,한약방,0.01,0.01
미국,202102,한의학과,4.4,5.44
미국,202103,대학/종합병원,34.04,34.2
미국,202103,성형외과,15.96,2.09
미국,202103,안과,3.04,2.13
미국,202103,약국,7.2,36.97
미국,202103,치과,18.72,10.1
미국,202103,피부과,16.34,8.3
미국,202103,한약방,0.01,0.02
미국,202103,한의학과,4.68,6.18
미국,202104,대학/종합병원,32.43,33.95
미국,202104,성형외과,19.2,2.46
미국,202104,안과,3.83,2.1
미국,202104,약국,6.61,37.19
미국,202104,치과,18.88,10.01
미국,202104,피부과,15.87,8.5
미국,202104,한약방,0.05,0.06
미국,202104,한의학과,3.12,5.73
미국,202105,대학/종합병원,32.45,32.55
미국,202105,성형외과,17.75,2.71
미국,202105,안과,2.87,2.09
미국,202105,약국,6.95,38.41
미국,202105,치과,18.68,9.75
미국,202105,피부과,17.03,8.92
미국,202105,한약방,0.03,0.04
미국,202105,한의학과,4.24,5.52
미국,202106,대학/종합병원,33.6,33.38
미국,202106,성형외과,17.95,2.95
미국,202106,안과,3.99,2.4
미국,202106,약국,6.1,36.49
미국,202106,치과,17.3,10.53
미국,202106,피부과,17.43,9.05
미국,202106,한약방,0.04,0.04
미국,202106,한의학과,3.6,5.15
미국,202107,대학/종합병원,31.95,34.54
미국,202107,성형외과,17.22,2.65
미국,202107,안과,4.04,2.54
미국,202107,약국,6.34,35.65
미국,202107,치과,18.01,10.08
미국,202107,피부과,17.69,9.6
미국,202107,한약방,0.02,0.02
미국,202107,한의학과,4.73,4.92
미국,202108,대학/종합병원,33.99,35.62
미국,202108,성형외과,15.48,2.51
미국,202108,안과,3.83,2.38
미국,202108,약국,7.43,36.34
미국,202108,치과,17.97,9.61
미국,202108,피부과,17.25,8.35
미국,202108,한약방,0.1,0.07
미국,202108,한의학과,3.93,5.13
미국,202109,대학/종합병원,30.72,31.34
미국,202109,성형외과,18.45,2.77
미국,202109,안과,3.72,2.23
미국,202109,약국,7.06,39.92
미국,202109,치과,17.32,9.64
미국,202109,피부과,18.17,8.73
미국,202109,한약방,0.06,0.07
미국,202109,한의학과,4.5,5.3
미국,202110,대학/종합병원,32.55,31.79
미국,202110,성형외과,18.86,3.02
미국,202110,안과,2.84,2.17
미국,202110,약국,6.46,39.23
미국,202110,치과,17.54,10.06
미국,202110,피부과,17.39,8.59
미국,202110,한약방,0.03,0.05
미국,202110,한의학과,4.32,5.09
미국,202111,대학/종합병원,31.74,32.89
미국,202111,성형외과,18.97,3.06
미국,202111,안과,4.22,2.34
미국,202111,약국,6.79,39.01
미국,202111,치과,16.8,9.81
미국,202111,피부과,17.49,8.25
미국,202111,한약방,0.08,0.08
미국,202111,한의학과,3.91,4.54
미국,202112,대학/종합병원,33.38,28.46
미국,202112,성형외과,16.05,2.58
미국,202112,안과,3.36,2.51
미국,202112,약국,7.81,41.5
미국,202112,치과,16.34,9.8
미국,202112,피부과,18.63,9.84
미국,202112,한약방,0.02,0.04
미국,202112,한의학과,4.42,5.26
미국,202201,대학/종합병원,35.46,28.43
미국,202201,성형외과,15.96,2.24
미국,202201,안과,2.88,1.97
미국,202201,약국,8.64,43.56
미국,202201,치과,17.69,10.29
미국,202201,피부과,15.99,8.39
미국,202201,한약방,0.03,0.04
미국,202201,한의학과,3.33,5.08
미국,202202,대학/종합병원,30.92,27.22
미국,202202,성형외과,21.54,2.52
미국,202202,안과,3.15,2.05
미국,202202,약국,8.0,46.15
미국,202202,치과,17.54,9.47
미국,202202,피부과,15.47,7.8
미국,202202,한약방,0.03,0.06
미국,202202,한의학과,3.35,4.72
미국,202203,대학/종합병원,28.11,25.5
미국,202203,성형외과,20.89,2.89
미국,202203,안과,3.17,2.2
미국,202203,약국,8.28,47.56
미국,202203,치과,17.4,8.78
미국,202203,피부과,17.58,8.11
미국,202203,한약방,0.14,0.12
미국,202203,한의학과,4.43,4.84
미국,202204,대학/종합병원,25.01,24.76
미국,202204,성형외과,27.22,4.0
미국,202204,안과,2.44,2.47
미국,202204,약국,6.2,44.67
미국,202204,치과,17.83,9.86
미국,202204,피부과,17.21,9.09
미국,202204,한약방,0.06,0.09
미국,202204,한의학과,4.03,5.07
미국,202205,대학/종합병원,25.14,23.92
미국,202205,성형외과,26.3,3.82
미국,202205,안과,4.49,2.69
미국,202205,약국,6.08,45.38
미국,202205,치과,15.8,9.68
미국,202205,피부과,18.92,9.7
미국,202205,한약방,0.04,0.06
미국,202205,한의학과,3.24,4.75
미국,202206,대학/종합병원,23.12,22.56
미국,202206,성형외과,28.72,4.08
미국,202206,안과,3.4,2.91
미국,202206,약국,5.83,45.34
미국,202206,치과,13.61,9.74
미국,202206,피부과,21.41,10.65
미국,202206,한약방,0.03,0.06
미국,202206,한의학과,3.88,4.67
미국,202207,대학/종합병원,24.44,20.88
미국,202207,성형외과,25.83,3.47
미국,202207,안과,4.11,2.91
미국,202207,약국,7.23,48.36
미국,202207,치과,13.2,9.27
미국,202207,피부과,21.19,10.42
미국,202207,한약방,0.06,0.08
미국,202207,한의학과,3.94,4.61
미국,202208,대학/종합병원,23.08,20.28
미국,202208,성형외과,26.73,3.47
미국,202208,안과,4.3,2.9
미국,202208,약국,7.38,49.5
미국,202208,치과,13.87,9.17
미국,202208,피부과,20.55,10.13
미국,202208,한약방,0.03,0.05
미국,202208,한의학과,4.06,4.51
미국,202209,대학/종합병원,22.27,20.6
미국,202209,성형외과,31.96,4.62
미국,202209,안과,3.84,2.62
미국,202209,약국,5.82,48.04
미국,202209,치과,14.74,9.05
미국,202209,피부과,18.39,10.01
미국,202209,한약방,0.02,0.08
미국,202209,한의학과,2.96,4.97
미국,202210,대학/종합병원,21.67,18.07
미국,202210,성형외과,31.72,5.14
미국,202210,안과,3.6,2.62
미국,202210,약국,5.52,48.92
미국,202210,치과,14.23,9.27
미국,202210,피부과,19.9,10.4
미국,202210,한약방,0.09,0.11
미국,202210,한의학과,3.28,5.48
미국,202211,대학/종합병원,23.74,19.4
미국,202211,성형외과,28.73,4.66
미국,202211,안과,3.76,2.67
미국,202211,약국,6.09,48.63
미국,202211,치과,14.49,9.28
미국,202211,피부과,19.68,9.9
미국,202211,한약방,0.09,0.12
미국,202211,한의학과,3.42,5.35
미국,202212,대학/종합병원,21.88,18.48
미국,202212,성형외과,29.95,4.54
미국,202212,안과,4.68,2.69
미국,202212,약국,6.03,49.7
미국,202212,치과,12.31,8.97
미국,202212,피부과,21.46,10.59
미국,202212,한약방,0.03,0.09
미국,202212,한의학과,3.66,4.94
미국,202301,대학/종합병원,25.83,21.05
미국,202301,성형외과,27.99,4.57
미국,202301,안과,3.07,2.43
미국,202301,약국,6.33,47.43
미국,202301,치과,13.25,9.07
미국,202301,피부과,20.15,10.55
미국,202301,한약방,0.06,0.07
미국,202301,한의학과,3.32,4.83
미국,202302,대학/종합병원,22.84,21.43
미국,202302,성형외과,34.38,5.37
미국,202302,안과,2.52,2.44
미국,202302,약국,5.47,45.51
미국,202302,치과,13.41,9.16
미국,202302,피부과,18.43,10.49
미국,202302,한약방,0.01,0.06
미국,202302,한의학과,2.94,5.54
미국,202303,대학/종합병원,20.69,19.3
미국,202303,성형외과,34.07,6.57
미국,202303,안과,3.32,2.62
미국,202303,약국,5.16,47.25
미국,202303,치과,13.28,8.53
미국,202303,피부과,20.12,10.91
미국,202303,한약방,0.01,0.06
미국,202303,한의학과,3.35,4.75
미국,202304,대학/종합병원,19.39,17.42
미국,202304,성형외과,32.09,6.09
미국,202304,안과,4.1,2.58
미국,202304,약국,5.66,49.95
미국,202304,치과,13.11,8.1
미국,202304,피부과,22.4,11.27
미국,202304,한약방,0.04,0.06
미국,202304,한의학과,3.21,4.53
미국,202305,대학/종합병원,20.28,17.02
미국,202305,성형외과,30.55,5.79
미국,202305,안과,4.31,2.68
미국,202305,약국,5.41,49.73
미국,202305,치과,12.59,8.45
미국,202305,피부과,23.28,11.64
미국,202305,한약방,0.06,0.07
미국,202305,한의학과,3.51,4.62
미국,202306,대학/종합병원,20.42,16.48
미국,202306,성형외과,29.11,5.28
미국,202306,안과,3.36,2.89
미국,202306,약국,5.83,49.33
미국,202306,치과,11.26,8.59
미국,202306,피부과,26.37,12.87
미국,202306,한약방,0.02,0.09
미국,202306,한의학과,3.64,4.48
미국,202307,대학/종합병원,20.72,15.94
미국,202307,성형외과,26.26,4.62
미국,202307,안과,4.08,3.08
미국,202307,약국,6.59,50.58
미국,202307,치과,12.12,8.84
미국,202307,피부과,26.71,12.37
미국,202307,한약방,0.04,0.09
미국,202307,한의학과,3.48,4.49
미국,202308,대학/종합병원,19.09,17.52
미국,202308,성형외과,32.99,4.83
미국,202308,안과,3.35,2.83
미국,202308,약국,6.45,49.73
미국,202308,치과,11.09,8.65
미국,202308,피부과,23.56,11.56
미국,202308,한약방,0.04,0.06
미국,202308,한의학과,3.43,4.81
미국,202309,대학/종합병원,17.26,16.11
미국,202309,성형외과,32.31,6.07
미국,202309,안과,4.59,2.6
미국,202309,약국,5.56,50.6
미국,202309,치과,11.44,7.92
미국,202309,피부과,26.08,12.19
미국,202309,한약방,0.03,0.08
미국,202309,한의학과,2.73,4.42
미국,202310,대학/종합병원,17.18,15.35
미국,202310,성형외과,33.51,6.41
미국,202310,안과,4.07,2.56
미국,202310,약국,5.31,50.88
미국,202310,치과,11.74,8.23
미국,202310,피부과,25.4,12.02
미국,202310,한약방,0.02,0.07
미국,202310,한의학과,2.76,4.47
미국,202311,대학/종합병원,18.92,16.09
미국,202311,성형외과,31.24,5.81
미국,202311,안과,3.73,2.47
미국,202311,약국,5.41,50.16
미국,202311,치과,11.43,8.15
미국,202311,피부과,26.17,12.4
미국,202311,한약방,0.04,0.09
미국,202311,한의학과,3.06,4.82
미국,202312,대학/종합병원,18.3,16.5
미국,202312,성형외과,30.74,5.08
미국,202312,안과,3.38,2.38
미국,202312,약국,5.89,51.03
미국,202312,치과,11.63,8.32
미국,202312,피부과,26.8,12.15
미국,202312,한약방,0.01,0.06
미국,202312,한의학과,3.25,4.49
미국,202401,대학/종합병원,22.57,19.07
미국,202401,성형외과,29.8,4.85
미국,202401,안과,2.95,2.24
미국,202401,약국,5.5,48.58
미국,202401,치과,11.0,8.75
미국,202401,피부과,25.29,11.73
미국,202401,한약방,0.0,0.02
미국,202401,한의학과,2.9,4.76
미국,202402,대학/종합병원,19.73,18.93
미국,202402,성형외과,32.07,5.4
미국,202402,안과,3.69,2.53
미국,202402,약국,5.69,47.85
미국,202402,치과,11.22,8.52
미국,202402,피부과,24.22,11.66
미국,202402,한약방,0.05,0.07
미국,202402,한의학과,3.33,5.05
미국,202403,대학/종합병원,14.82,15.26
미국,202403,성형외과,33.39,5.79
미국,202403,안과,3.39,2.61
미국,202403,약국,5.13,49.84
미국,202403,치과,10.7,8.19
미국,202403,피부과,29.41,13.52
미국,202403,한약방,0.04,0.1
미국,202403,한의학과,3.12,4.69
미국,202404,대학/종합병원,15.13,14.19
미국,202404,성형외과,31.34,5.78
미국,202404,안과,3.46,2.57
미국,202404,약국,5.22,50.34
미국,202404,치과,10.94,8.1
미국,202404,피부과,30.67,14.08
미국,202404,한약방,0.02,0.06
미국,202404,한의학과,3.22,4.89
미국,202405,대학/종합병원,14.74,13.4
미국,202405,성형외과,28.91,5.28
미국,202405,안과,3.74,2.73
미국,202405,약국,5.73,51.12
미국,202405,치과,11.46,8.42
미국,202405,피부과,32.1,14.1
미국,202405,한약방,0.02,0.07
미국,202405,한의학과,3.3,4.89
미국,202406,대학/종합병원,15.35,13.12
미국,202406,성형외과,27.88,4.74
미국,202406,안과,3.83,3.01
미국,202406,약국,5.8,51.35
미국,202406,치과,10.62,8.69
미국,202406,피부과,33.11,14.42
미국,202406,한약방,0.01,0.07
미국,202406,한의학과,3.4,4.6
미국,202407,대학/종합병원,15.67,13.66
미국,202407,성형외과,27.28,4.08
미국,202407,안과,3.29,3.02
미국,202407,약국,6.28,51.68
미국,202407,치과,10.96,9.0
미국,202407,피부과,32.73,13.69
미국,202407,한약방,0.04,0.11
미국,202407,한의학과,3.75,4.76
미국,202408,대학/종합병원,14.2,13.98
미국,202408,성형외과,27.47,4.32
미국,202408,안과,3.46,2.64
미국,202408,약국,6.18,52.04
미국,202408,치과,10.36,8.11
미국,202408,피부과,34.85,14.29
미국,202408,한약방,0.02,0.07
미국,202408,한의학과,3.47,4.55
미국,202409,대학/종합병원,12.39,12.78
미국,202409,성형외과,29.73,5.34
미국,202409,안과,3.53,2.5
미국,202409,약국,5.26,51.73
미국,202409,치과,10.4,7.8
미국,202409,피부과,35.76,15.16
미국,202409,한약방,0.02,0.07
미국,202409,한의학과,2.9,4.62
미국,202410,대학/종합병원,12.32,12.06
미국,202410,성형외과,30.02,5.48
미국,202410,안과,3.61,2.5
미국,202410,약국,5.49,51.73
미국,202410,치과,10.4,8.12
미국,202410,피부과,35.37,15.31
미국,202410,한약방,0.02,0.06
미국,202410,한의학과,2.78,4.75
미국,202411,대학/종합병원,12.45,12.53
미국,202411,성형외과,29.47,5.3
미국,202411,안과,3.52,2.63
미국,202411,약국,5.62,51.37
미국,202411,치과,10.05,7.96
미국,202411,피부과,36.35,15.49
미국,202411,한약방,0.01,0.05
미국,202411,한의학과,2.53,4.68
미국,202412,대학/종합병원,14.07,12.92
미국,202412,성형외과,27.13,4.53
미국,202412,안과,3.56,2.81
미국,202412,약국,5.69,51.78
미국,202412,치과,9.53,8.55
미국,202412,피부과,37.23,14.87
미국,202412,한약방,0.02,0.05
미국,202412,한의학과,2.78,4.5
미국,202501,대학/종합병원,15.09,14.6
미국,202501,성형외과,27.95,4.21
미국,202501,안과,2.85,2.43
미국,202501,약국,5.68,51.73
미국,202501,치과,10.08,8.25
미국,202501,피부과,35.64,14.03
미국,202501,한약방,0.01,0.04
미국,202501,한의학과,2.7,4.71
미국,202502,대학/종합병원,14.82,16.24
미국,202502,성형외과,29.22,4.71
미국,202502,안과,3.24,2.73
미국,202502,약국,5.39,48.37
미국,202502,치과,11.23,9.06
미국,202502,피부과,33.27,13.63
미국,202502,한약방,0.01,0.04
미국,202502,한의학과,2.82,5.23
미국,202503,대학/종합병원,12.7,12.78
미국,202503,성형외과,28.58,5.12
미국,202503,안과,2.93,2.41
미국,202503,약국,5.44,52.08
미국,202503,치과,10.21,7.97
미국,202503,피부과,37.63,15.21
미국,202503,한약방,0.01,0.05
미국,202503,한의학과,2.49,4.37
미국,202504,대학/종합병원,10.72,11.6
미국,202504,성형외과,29.58,5.24
미국,202504,안과,2.92,2.46
미국,202504,약국,5.89,53.59
미국,202504,치과,8.45,7.3
미국,202504,피부과,40.28,15.72
미국,202504,한약방,0.02,0.06
미국,202504,한의학과,2.14,4.03
미국,202505,대학/종합병원,11.42,11.59
미국,202505,성형외과,26.89,4.78
미국,202505,안과,3.83,2.77
미국,202505,약국,6.87,54.3
미국,202505,치과,10.21,7.62
미국,202505,피부과,38.35,14.48
미국,202505,한약방,0.01,0.05
미국,202505,한의학과,2.43,4.42
미국,202506,대학/종합병원,12.36,11.6
미국,202506,성형외과,26.56,4.54
미국,202506,안과,3.11,3.0
미국,202506,약국,7.56,54.34
미국,202506,치과,8.74,8.18
미국,202506,피부과,39.03,14.26
미국,202506,한약방,0.02,0.07
미국,202506,한의학과,2.61,4.01
미국,202507,대학/종합병원,12.94,12.78
미국,202507,성형외과,24.71,3.91
미국,202507,안과,2.75,2.91
미국,202507,약국,7.37,52.63
미국,202507,치과,10.08,9.09
미국,202507,피부과,39.45,14.31
미국,202507,한약방,0.01,0.04
미국,202507,한의학과,2.68,4.33
미국,202508,대학/종합병원,12.72,13.54
미국,202508,성형외과,25.89,4.25
미국,202508,안과,2.7,2.59
미국,202508,약국,7.06,52.33
미국,202508,치과,9.78,8.26
미국,202508,피부과,39.35,14.51
미국,202508,한약방,0.01,0.05
미국,202508,한의학과,2.49,4.48
미국,202509,대학/종합병원,11.32,12.83
미국,202509,성형외과,28.78,5.02
미국,202509,안과,3.25,2.35
미국,202509,약국,6.58,53.27
미국,202509,치과,9.37,7.78
미국,202509,피부과,38.24,14.33
미국,202509,한약방,0.01,0.07
미국,202509,한의학과,2.45,4.33
미국,202510,대학/종합병원,11.37,11.07
미국,202510,성형외과,26.56,4.81
미국,202510,안과,2.6,2.28
미국,202510,약국,7.36,55.65
미국,202510,치과,9.39,7.59
미국,202510,피부과,40.32,14.3
미국,202510,한약방,0.02,0.06
미국,202510,한의학과,2.38,4.25
미국,202511,대학/종합병원,10.06,10.53
미국,202511,성형외과,26.08,4.65
미국,202511,안과,2.34,2.1
미국,202511,약국,7.96,57.2
미국,202511,치과,8.73,7.05
미국,202511,피부과,42.71,14.43
미국,202511,한약방,0.01,0.06
미국,202511,한의학과,2.1,3.99
미국,202512,대학/종합병원,10.59,11.93
미국,202512,성형외과,27.84,4.73
미국,202512,안과,2.53,2.45
미국,202512,약국,6.67,53.7
미국,202512,치과,7.7,8.18
미국,202512,피부과,42.41,14.85
미국,202512,한약방,0.01,0.03
미국,202512,한의학과,2.25,4.12
미국,202601,대학/종합병원,13.86,13.52
미국,202601,성형외과,27.44,4.32
미국,202601,안과,2.24,2.38
미국,202601,약국,7.43,54.16
미국,202601,치과,9.58,8.05
미국,202601,피부과,37.18,13.45
미국,202601,한약방,0.02,0.05
미국,202601,한의학과,2.26,4.08
미국,202602,대학/종합병원,12.59,13.82
미국,202602,성형외과,27.73,4.19
미국,202602,안과,2.29,2.34
미국,202602,약국,7.49,53.97
미국,202602,치과,9.51,7.93
미국,202602,피부과,37.91,13.18
미국,202602,한약방,0.02,0.05
미국,202602,한의학과,2.45,4.52
미국,202603,대학/종합병원,10.3,11.22
미국,202603,성형외과,25.22,4.21
미국,202603,안과,2.42,2.26
미국,202603,약국,8.2,56.97
미국,202603,치과,9.33,7.48
미국,202603,피부과,42.31,13.95
미국,202603,한약방,0.02,0.06
미국,202603,한의학과,2.2,3.84
미국,202604,대학/종합병원,9.92,10.34
미국,202604,성형외과,24.31,3.96
미국,202604,안과,2.58,2.1
미국,202604,약국,8.72,58.56
미국,202604,치과,9.38,7.4
미국,202604,피부과,43.14,13.84
미국,202604,한약방,0.02,0.05
미국,202604,한의학과,1.94,3.74
미국,202605,대학/종합병원,10.18,9.93
미국,202605,성형외과,22.86,3.73
미국,202605,안과,2.65,2.16
미국,202605,약국,9.94,59.44
미국,202605,치과,8.51,7.22
미국,202605,피부과,43.55,13.6
미국,202605,한약방,0.01,0.05
미국,202605,한의학과,2.3,3.86
미국,202606,대학/종합병원,11.04,10.26
미국,202606,성형외과,21.77,3.47
미국,202606,안과,2.48,2.5
미국,202606,약국,9.8,58.48
미국,202606,치과,9.25,8.15
미국,202606,피부과,43.17,13.34
미국,202606,한약방,0.02,0.06
미국,202606,한의학과,2.47,3.75
미국,202607,대학/종합병원,11.92,10.7
미국,202607,성형외과,22.54,3.2
미국,202607,안과,2.5,2.57
미국,202607,약국,9.86,58.4
미국,202607,치과,9.61,8.58
미국,202607,피부과,40.98,12.79
미국,202607,한약방,0.01,0.06
미국,202607,한의학과,2.59,3.7
일본,202001,대학/종합병원,3.09,4.12
일본,202001,성형외과,49.55,19.3
일본,202001,안과,0.16,0.42
일본,202001,약국,3.93,39.77
일본,202001,치과,4.04,2.89
일본,202001,피부과,30.87,25.36
일본,202001,한약방,0.08,0.17
일본,202001,한의학과,8.29,7.97
일본,202002,대학/종합병원,1.97,2.76
일본,202002,성형외과,50.68,20.06
일본,202002,안과,0.11,0.31
일본,202002,약국,4.13,42.35
일본,202002,치과,3.75,1.98
일본,202002,피부과,30.37,23.97
일본,202002,한약방,0.07,0.25
일본,202002,한의학과,8.92,8.33
일본,202003,대학/종합병원,3.63,6.56
일본,202003,성형외과,56.03,11.62
일본,202003,안과,0.69,0.94
일본,202003,약국,4.32,49.81
일본,202003,치과,7.81,5.7
일본,202003,피부과,10.6,9.93
일본,202003,한약방,0.01,0.07
일본,202003,한의학과,16.91,15.37
일본,202004,대학/종합병원,9.23,9.58
일본,202004,성형외과,9.68,2.91
일본,202004,안과,0.67,1.46
일본,202004,약국,5.74,51.08
일본,202004,치과,15.85,8.78
일본,202004,피부과,14.67,8.08
일본,202004,한약방,0.0,0.1
일본,202004,한의학과,44.16,18.01
일본,202005,대학/종합병원,7.32,7.99
일본,202005,성형외과,13.6,3.9
일본,202005,안과,2.14,1.28
일본,202005,약국,5.19,47.09
일본,202005,치과,16.62,8.77
일본,202005,피부과,10.71,9.5
일본,202005,한약방,0.03,0.05
일본,202005,한의학과,44.38,21.43
일본,202006,대학/종합병원,11.02,10.61
일본,202006,성형외과,7.35,2.27
일본,202006,안과,1.63,1.49
일본,202006,약국,5.86,43.74
일본,202006,치과,13.49,7.05
일본,202006,피부과,13.04,8.89
일본,202006,한약방,0.0,0.04
일본,202006,한의학과,47.61,25.92
일본,202007,대학/종합병원,12.44,11.22
일본,202007,성형외과,10.03,3.03
일본,202007,안과,0.75,1.98
일본,202007,약국,6.18,42.17
일본,202007,치과,16.52,10.13
일본,202007,피부과,9.8,8.39
일본,202007,한약방,0.01,0.12
일본,202007,한의학과,44.27,22.96
일본,202008,대학/종합병원,15.97,18.07
일본,202008,성형외과,12.23,3.68
일본,202008,안과,1.63,1.47
일본,202008,약국,6.45,41.62
일본,202008,치과,17.75,7.73
일본,202008,피부과,9.77,7.89
일본,202008,한의학과,36.2,19.54
일본,202009,대학/종합병원,18.23,22.63
일본,202009,성형외과,10.2,3.89
일본,202009,안과,0.89,1.41
일본,202009,약국,6.83,39.57
일본,202009,치과,15.2,6.8
일본,202009,피부과,9.83,7.66
일본,202009,한약방,0.03,0.04
일본,202009,한의학과,38.79,18.0
일본,202010,대학/종합병원,24.24,25.41
일본,202010,성형외과,9.43,3.09
일본,202010,안과,1.41,1.51
일본,202010,약국,5.44,37.2
일본,202010,치과,13.37,6.67
일본,202010,피부과,12.47,8.43
일본,202010,한약방,0.07,0.18
일본,202010,한의학과,33.57,17.5
일본,202011,대학/종합병원,19.03,21.82
일본,202011,성형외과,15.76,4.23
일본,202011,안과,0.4,2.4
일본,202011,약국,5.41,38.42
일본,202011,치과,17.37,8.63
일본,202011,피부과,11.91,8.1
일본,202011,한약방,0.0,0.04
일본,202011,한의학과,30.12,16.36
일본,202012,대학/종합병원,22.07,28.39
일본,202012,성형외과,19.31,3.37
일본,202012,안과,2.86,1.5
일본,202012,약국,5.64,36.03
일본,202012,치과,12.17,7.94
일본,202012,피부과,11.99,8.24
일본,202012,한약방,0.07,0.19
일본,202012,한의학과,25.88,14.34
일본,202101,대학/종합병원,22.98,31.16
일본,202101,성형외과,12.76,3.08
일본,202101,안과,0.66,1.69
일본,202101,약국,5.02,33.17
일본,202101,치과,12.87,8.22
일본,202101,피부과,14.61,8.37
일본,202101,한약방,0.07,0.07
일본,202101,한의학과,31.02,14.24
일본,202102,대학/종합병원,19.53,32.0
일본,202102,성형외과,17.59,3.41
일본,202102,안과,2.51,1.51
일본,202102,약국,4.71,33.03
일본,202102,치과,15.63,7.3
일본,202102,피부과,10.25,7.11
일본,202102,한약방,0.27,0.12
일본,202102,한의학과,29.52,15.52
일본,202103,대학/종합병원,22.25,33.02
일본,202103,성형외과,24.46,3.65
일본,202103,안과,0.52,1.67
일본,202103,약국,4.37,34.06
일본,202103,치과,14.43,7.44
일본,202103,피부과,11.67,7.94
일본,202103,한약방,0.0,0.06
일본,202103,한의학과,22.31,12.16
일본,202104,대학/종합병원,21.35,32.51
일본,202104,성형외과,11.43,2.43
일본,202104,안과,0.92,1.35
일본,202104,약국,5.5,36.78
일본,202104,치과,16.37,8.13
일본,202104,피부과,13.4,7.29
일본,202104,한약방,0.01,0.07
일본,202104,한의학과,31.02,11.43
일본,202105,대학/종합병원,24.36,33.91
일본,202105,성형외과,18.81,3.25
일본,202105,안과,0.13,0.93
일본,202105,약국,4.39,36.29
일본,202105,치과,18.91,8.34
일본,202105,피부과,11.8,7.62
일본,202105,한약방,0.0,0.07
일본,202105,한의학과,21.61,9.6
일본,202106,대학/종합병원,25.17,34.42
일본,202106,성형외과,11.69,2.48
일본,202106,안과,0.22,1.22
일본,202106,약국,5.76,36.69
일본,202106,치과,17.76,7.78
일본,202106,피부과,12.42,7.16
일본,202106,한약방,0.0,0.06
일본,202106,한의학과,26.96,10.19
일본,202107,대학/종합병원,27.53,32.01
일본,202107,성형외과,11.82,3.63
일본,202107,안과,0.35,1.44
일본,202107,약국,5.34,36.8
일본,202107,치과,17.06,8.89
일본,202107,피부과,13.53,7.23
일본,202107,한약방,0.03,0.06
일본,202107,한의학과,24.34,9.95
일본,202108,대학/종합병원,21.77,32.76
일본,202108,성형외과,18.44,4.38
일본,202108,안과,1.48,1.33
일본,202108,약국,6.15,37.61
일본,202108,치과,12.91,7.02
일본,202108,피부과,21.18,8.1
일본,202108,한약방,0.01,0.11
일본,202108,한의학과,18.06,8.68
일본,202109,대학/종합병원,21.57,30.22
일본,202109,성형외과,17.12,5.53
일본,202109,안과,1.94,0.96
일본,202109,약국,5.61,38.49
일본,202109,치과,15.45,7.73
일본,202109,피부과,17.11,8.66
일본,202109,한의학과,21.2,8.41
일본,202110,대학/종합병원,22.69,28.18
일본,202110,성형외과,17.82,5.05
일본,202110,안과,0.38,1.1
일본,202110,약국,5.56,40.32
일본,202110,치과,16.63,8.1
일본,202110,피부과,18.91,9.78
일본,202110,한약방,0.0,0.05
일본,202110,한의학과,18.02,7.42
일본,202111,대학/종합병원,23.36,33.86
일본,202111,성형외과,28.73,6.39
일본,202111,안과,1.06,1.12
일본,202111,약국,4.99,35.43
일본,202111,치과,14.5,8.24
일본,202111,피부과,12.24,7.79
일본,202111,한약방,0.04,0.12
일본,202111,한의학과,15.06,7.04
일본,202112,대학/종합병원,22.68,33.27
일본,202112,성형외과,23.17,4.09
일본,202112,안과,0.92,1.16
일본,202112,약국,5.45,37.16
일본,202112,치과,15.5,8.51
일본,202112,피부과,13.98,8.03
일본,202112,한약방,0.0,0.03
일본,202112,한의학과,18.3,7.75
일본,202201,대학/종합병원,18.58,22.02
일본,202201,성형외과,21.33,4.67
일본,202201,안과,1.3,1.19
일본,202201,약국,6.98,46.39
일본,202201,치과,12.59,7.67
일본,202201,피부과,13.35,8.41
일본,202201,한의학과,25.87,9.64
일본,202202,대학/종합병원,15.93,22.2
일본,202202,성형외과,20.89,4.51
일본,202202,안과,2.71,1.09
일본,202202,약국,7.68,45.86
일본,202202,치과,13.37,6.9
일본,202202,피부과,17.49,8.6
일본,202202,한약방,0.01,0.14
일본,202202,한의학과,21.92,10.7
일본,202203,대학/종합병원,10.97,19.74
일본,202203,성형외과,32.78,4.75
일본,202203,안과,2.01,1.15
일본,202203,약국,6.79,50.96
일본,202203,치과,14.94,7.44
일본,202203,피부과,19.26,7.84
일본,202203,한약방,0.02,0.24
일본,202203,한의학과,13.24,7.88
일본,202204,대학/종합병원,16.85,26.6
일본,202204,성형외과,21.97,4.46
일본,202204,안과,1.78,1.48
일본,202204,약국,6.84,43.82
일본,202204,치과,13.67,6.89
일본,202204,피부과,24.02,9.66
일본,202204,한약방,0.07,0.12
일본,202204,한의학과,14.8,6.98
일본,202205,대학/종합병원,18.82,30.44
일본,202205,성형외과,30.11,5.2
일본,202205,안과,0.79,1.18
일본,202205,약국,5.47,41.43
일본,202205,치과,17.2,6.73
일본,202205,피부과,16.57,8.85
일본,202205,한약방,0.07,0.06
일본,202205,한의학과,10.98,6.12
일본,202206,대학/종합병원,20.41,34.18
일본,202206,성형외과,27.4,4.91
일본,202206,안과,0.99,1.07
일본,202206,약국,5.02,38.23
일본,202206,치과,14.62,5.69
일본,202206,피부과,20.07,9.67
일본,202206,한약방,0.01,0.12
일본,202206,한의학과,11.48,6.14
일본,202207,대학/종합병원,10.23,30.46
일본,202207,성형외과,54.64,9.01
일본,202207,안과,0.93,0.83
일본,202207,약국,3.85,39.65
일본,202207,치과,8.69,4.69
일본,202207,피부과,14.5,9.36
일본,202207,한약방,0.02,0.09
일본,202207,한의학과,7.14,5.92
일본,202208,대학/종합병원,9.41,28.57
일본,202208,성형외과,58.93,11.09
일본,202208,안과,0.61,0.67
일본,202208,약국,3.61,39.97
일본,202208,치과,7.51,4.25
일본,202208,피부과,14.87,10.88
일본,202208,한약방,0.03,0.1
일본,202208,한의학과,5.03,4.47
일본,202209,대학/종합병원,5.08,13.37
일본,202209,성형외과,62.2,16.62
일본,202209,안과,0.52,0.69
일본,202209,약국,3.62,45.83
일본,202209,치과,5.74,4.24
일본,202209,피부과,18.84,14.98
일본,202209,한약방,0.04,0.14
일본,202209,한의학과,3.96,4.13
일본,202210,대학/종합병원,3.44,7.42
일본,202210,성형외과,54.25,17.71
일본,202210,안과,0.13,0.58
일본,202210,약국,3.79,46.4
일본,202210,치과,6.31,3.99
일본,202210,피부과,26.44,18.94
일본,202210,한약방,0.01,0.07
일본,202210,한의학과,5.64,4.87
일본,202211,대학/종합병원,2.6,7.21
일본,202211,성형외과,54.22,19.16
일본,202211,안과,0.32,0.51
일본,202211,약국,3.69,44.09
일본,202211,치과,3.95,3.48
일본,202211,피부과,30.0,20.86
일본,202211,한약방,0.05,0.16
일본,202211,한의학과,5.18,4.54
일본,202212,대학/종합병원,3.49,6.43
일본,202212,성형외과,53.37,17.73
일본,202212,안과,0.4,0.67
일본,202212,약국,3.43,45.14
일본,202212,치과,4.91,3.76
일본,202212,피부과,28.86,21.0
일본,202212,한약방,0.01,0.18
일본,202212,한의학과,5.54,5.08
일본,202301,대학/종합병원,3.09,7.21
일본,202301,성형외과,51.88,17.11
일본,202301,안과,0.53,0.58
일본,202301,약국,3.43,42.71
일본,202301,치과,5.34,3.56
일본,202301,피부과,29.65,23.04
일본,202301,한약방,0.05,0.15
일본,202301,한의학과,6.03,5.65
일본,202302,대학/종합병원,2.32,5.07
일본,202302,성형외과,57.03,21.21
일본,202302,안과,0.42,0.42
일본,202302,약국,3.35,39.89
일본,202302,치과,4.04,2.86
일본,202302,피부과,28.48,25.84
일본,202302,한약방,0.03,0.16
일본,202302,한의학과,4.34,4.55
일본,202303,대학/종합병원,1.33,3.66
일본,202303,성형외과,51.25,18.33
일본,202303,안과,0.16,0.44
일본,202303,약국,3.67,40.47
일본,202303,치과,3.13,2.38
일본,202303,피부과,36.5,31.04
일본,202303,한약방,0.04,0.15
일본,202303,한의학과,3.93,3.52
일본,202304,대학/종합병원,3.66,3.37
일본,202304,성형외과,47.22,17.46
일본,202304,안과,0.19,0.36
일본,202304,약국,3.33,39.37
일본,202304,치과,4.24,2.46
일본,202304,피부과,38.03,33.59
일본,202304,한약방,0.02,0.18
일본,202304,한의학과,3.3,3.21
일본,202305,대학/종합병원,1.35,1.78
일본,202305,성형외과,43.9,16.41
일본,202305,안과,0.25,0.24
일본,202305,약국,3.32,37.05
일본,202305,치과,2.41,1.77
일본,202305,피부과,45.74,39.61
일본,202305,한약방,0.02,0.14
일본,202305,한의학과,3.02,3.0
일본,202306,대학/종합병원,1.34,1.59
일본,202306,성형외과,41.5,17.06
일본,202306,안과,0.12,0.23
일본,202306,약국,2.95,32.53
일본,202306,치과,2.21,1.44
일본,202306,피부과,48.84,44.57
일본,202306,한약방,0.02,0.1
일본,202306,한의학과,3.01,2.48
일본,202307,대학/종합병원,4.08,1.35
일본,202307,성형외과,35.79,16.39
일본,202307,안과,0.13,0.28
일본,202307,약국,2.83,30.4
일본,202307,치과,1.8,1.26
일본,202307,피부과,52.42,47.84
일본,202307,한약방,0.02,0.09
일본,202307,한의학과,2.94,2.38
일본,202308,대학/종합병원,1.04,1.78
일본,202308,성형외과,41.02,15.86
일본,202308,안과,0.3,0.29
일본,202308,약국,2.93,34.49
일본,202308,치과,2.84,1.41
일본,202308,피부과,49.59,44.17
일본,202308,한약방,0.02,0.13
일본,202308,한의학과,2.24,1.87
일본,202309,대학/종합병원,0.87,1.07
일본,202309,성형외과,38.09,15.35
일본,202309,안과,0.17,0.2
일본,202309,약국,2.88,31.04
일본,202309,치과,1.49,1.17
일본,202309,피부과,54.33,49.28
일본,202309,한약방,0.02,0.12
일본,202309,한의학과,2.14,1.79
일본,202310,대학/종합병원,0.91,0.93
일본,202310,성형외과,36.22,15.87
일본,202310,안과,0.2,0.22
일본,202310,약국,3.37,33.01
일본,202310,치과,2.2,1.19
일본,202310,피부과,54.91,46.71
일본,202310,한약방,0.06,0.18
일본,202310,한의학과,2.13,1.88
일본,202311,대학/종합병원,1.28,1.07
일본,202311,성형외과,37.14,16.56
일본,202311,안과,0.22,0.16
일본,202311,약국,3.17,32.78
일본,202311,치과,1.71,1.11
일본,202311,피부과,54.04,46.46
일본,202311,한약방,0.05,0.08
일본,202311,한의학과,2.39,1.77
일본,202312,대학/종합병원,1.46,1.38
일본,202312,성형외과,39.06,15.95
일본,202312,안과,0.15,0.25
일본,202312,약국,3.13,35.08
일본,202312,치과,1.9,1.32
일본,202312,피부과,51.61,43.75
일본,202312,한약방,0.04,0.2
일본,202312,한의학과,2.65,2.06
일본,202401,대학/종합병원,0.68,1.24
일본,202401,성형외과,40.57,16.36
일본,202401,안과,0.21,0.28
일본,202401,약국,3.41,34.96
일본,202401,치과,1.96,1.57
일본,202401,피부과,50.76,43.41
일본,202401,한약방,0.06,0.15
일본,202401,한의학과,2.37,2.02
일본,202402,대학/종합병원,0.57,1.0
일본,202402,성형외과,38.82,15.19
일본,202402,안과,0.4,0.28
일본,202402,약국,3.52,33.99
일본,202402,치과,1.8,1.24
일본,202402,피부과,52.92,46.7
일본,202402,한약방,0.03,0.06
일본,202402,한의학과,1.94,1.55
일본,202403,대학/종합병원,0.57,0.89
일본,202403,성형외과,34.61,13.7
일본,202403,안과,0.27,0.2
일본,202403,약국,3.3,33.17
일본,202403,치과,1.65,1.16
일본,202403,피부과,57.76,49.34
일본,202403,한약방,0.03,0.06
일본,202403,한의학과,1.8,1.49
일본,202404,대학/종합병원,0.57,0.81
일본,202404,성형외과,36.74,14.68
일본,202404,안과,0.31,0.24
일본,202404,약국,3.65,32.87
일본,202404,치과,1.6,1.07
일본,202404,피부과,55.37,48.72
일본,202404,한약방,0.01,0.04
일본,202404,한의학과,1.75,1.57
일본,202405,대학/종합병원,0.86,0.75
일본,202405,성형외과,33.7,13.89
일본,202405,안과,0.25,0.21
일본,202405,약국,3.82,33.73
일본,202405,치과,2.01,0.95
일본,202405,피부과,57.47,48.73
일본,202405,한약방,0.02,0.1
일본,202405,한의학과,1.86,1.64
일본,202406,대학/종합병원,0.56,0.66
일본,202406,성형외과,29.95,12.82
일본,202406,안과,0.39,0.23
일본,202406,약국,4.14,33.62
일본,202406,치과,2.38,1.03
일본,202406,피부과,60.72,50.23
일본,202406,한약방,0.02,0.07
일본,202406,한의학과,1.85,1.33
일본,202407,대학/종합병원,0.66,0.85
일본,202407,성형외과,30.69,12.96
일본,202407,안과,0.47,0.31
일본,202407,약국,4.19,35.8
일본,202407,치과,1.95,1.0
일본,202407,피부과,60.06,47.54
일본,202407,한약방,0.01,0.06
일본,202407,한의학과,1.98,1.47
일본,202408,대학/종합병원,0.48,0.78
일본,202408,성형외과,30.24,11.54
일본,202408,안과,0.62,0.29
일본,202408,약국,5.15,41.5
일본,202408,치과,2.45,1.26
일본,202408,피부과,59.46,43.31
일본,202408,한약방,0.02,0.07
일본,202408,한의학과,1.58,1.26
일본,202409,대학/종합병원,0.42,0.57
일본,202409,성형외과,28.66,11.2
일본,202409,안과,0.47,0.2
일본,202409,약국,5.28,39.33
일본,202409,치과,1.85,0.88
일본,202409,피부과,61.72,46.6
일본,202409,한약방,0.01,0.06
일본,202409,한의학과,1.59,1.17
일본,202410,대학/종합병원,0.48,0.6
일본,202410,성형외과,27.56,10.78
일본,202410,안과,0.47,0.19
일본,202410,약국,5.92,41.53
일본,202410,치과,1.99,0.89
일본,202410,피부과,61.78,44.79
일본,202410,한약방,0.01,0.07
일본,202410,한의학과,1.79,1.14
일본,202411,대학/종합병원,0.6,0.53
일본,202411,성형외과,26.09,10.47
일본,202411,안과,0.58,0.18
일본,202411,약국,6.25,43.24
일본,202411,치과,2.85,0.9
일본,202411,피부과,61.87,43.45
일본,202411,한약방,0.02,0.06
일본,202411,한의학과,1.74,1.18
일본,202412,대학/종합병원,0.84,0.93
일본,202412,성형외과,31.19,11.52
일본,202412,안과,0.72,0.29
일본,202412,약국,5.5,43.41
일본,202412,치과,2.86,1.18
일본,202412,피부과,57.0,41.27
일본,202412,한약방,0.02,0.06
일본,202412,한의학과,1.87,1.35
일본,202501,대학/종합병원,1.01,0.88
일본,202501,성형외과,31.23,11.35
일본,202501,안과,0.6,0.24
일본,202501,약국,6.36,45.92
일본,202501,치과,2.62,1.31
일본,202501,피부과,56.19,38.75
일본,202501,한약방,0.02,0.07
일본,202501,한의학과,1.96,1.49
일본,202502,대학/종합병원,0.68,0.7
일본,202502,성형외과,31.81,11.62
일본,202502,안과,0.79,0.27
일본,202502,약국,6.65,44.73
일본,202502,치과,2.99,1.24
일본,202502,피부과,55.07,39.92
일본,202502,한약방,0.01,0.07
일본,202502,한의학과,1.99,1.46
일본,202503,대학/종합병원,0.78,0.63
일본,202503,성형외과,26.53,10.1
일본,202503,안과,0.84,0.28
일본,202503,약국,7.12,47.25
일본,202503,치과,1.81,0.99
일본,202503,피부과,61.38,39.64
일본,202503,한약방,0.01,0.04
일본,202503,한의학과,1.53,1.07
일본,202504,대학/종합병원,0.63,0.67
일본,202504,성형외과,30.11,10.79
일본,202504,안과,0.73,0.3
일본,202504,약국,7.37,48.46
일본,202504,치과,3.1,1.29
일본,202504,피부과,56.34,37.14
일본,202504,한약방,0.01,0.05
일본,202504,한의학과,1.73,1.3
일본,202505,대학/종합병원,0.49,0.52
일본,202505,성형외과,25.36,9.49
일본,202505,안과,0.69,0.23
일본,202505,약국,9.39,52.48
일본,202505,치과,2.82,1.04
일본,202505,피부과,59.64,34.92
일본,202505,한약방,0.01,0.07
일본,202505,한의학과,1.59,1.25
일본,202506,대학/종합병원,0.39,0.46
일본,202506,성형외과,24.34,9.02
일본,202506,안과,0.42,0.18
일본,202506,약국,9.85,52.02
일본,202506,치과,2.66,1.05
일본,202506,피부과,60.9,36.12
일본,202506,한약방,0.01,0.07
일본,202506,한의학과,1.43,1.08
일본,202507,대학/종합병원,0.42,0.61
일본,202507,성형외과,24.88,9.3
일본,202507,안과,0.35,0.15
일본,202507,약국,9.59,51.16
일본,202507,치과,3.01,1.05
일본,202507,피부과,60.29,36.59
일본,202507,한약방,0.01,0.05
일본,202507,한의학과,1.45,1.1
일본,202508,대학/종합병원,0.6,0.64
일본,202508,성형외과,26.66,8.91
일본,202508,안과,0.51,0.24
일본,202508,약국,9.66,53.73
일본,202508,치과,2.3,1.07
일본,202508,피부과,58.8,34.32
일본,202508,한약방,0.01,0.05
일본,202508,한의학과,1.46,1.05
일본,202509,대학/종합병원,0.43,0.47
일본,202509,성형외과,24.04,8.07
일본,202509,안과,0.58,0.17
일본,202509,약국,10.72,56.02
일본,202509,치과,2.4,0.84
일본,202509,피부과,60.24,33.36
일본,202509,한약방,0.0,0.04
일본,202509,한의학과,1.58,1.04
일본,202510,대학/종합병원,0.37,0.51
일본,202510,성형외과,22.94,7.39
일본,202510,안과,0.64,0.18
일본,202510,약국,11.16,58.49
일본,202510,치과,2.39,0.91
일본,202510,피부과,60.87,31.31
일본,202510,한약방,0.01,0.04
일본,202510,한의학과,1.63,1.17
일본,202511,대학/종합병원,0.41,0.44
일본,202511,성형외과,23.04,6.98
일본,202511,안과,0.4,0.14
일본,202511,약국,11.48,59.96
일본,202511,치과,2.21,0.79
일본,202511,피부과,60.82,30.66
일본,202511,한약방,0.01,0.04
일본,202511,한의학과,1.64,1.01
일본,202512,대학/종합병원,0.45,0.57
일본,202512,성형외과,27.55,8.27
일본,202512,안과,0.44,0.17
일본,202512,약국,9.99,58.02
일본,202512,치과,2.46,1.08
일본,202512,피부과,57.72,30.73
일본,202512,한약방,0.01,0.03
일본,202512,한의학과,1.38,1.13
일본,202601,대학/종합병원,0.71,0.68
일본,202601,성형외과,25.7,6.75
일본,202601,안과,0.75,0.22
일본,202601,약국,14.61,63.55
일본,202601,치과,2.63,1.24
일본,202601,피부과,54.19,26.46
일본,202601,한약방,0.0,0.03
일본,202601,한의학과,1.41,1.06
일본,202602,대학/종합병원,1.02,0.67
일본,202602,성형외과,25.8,6.3
일본,202602,안과,0.66,0.2
일본,202602,약국,14.69,65.38
일본,202602,치과,2.92,1.07
일본,202602,피부과,53.46,25.41
일본,202602,한약방,0.0,0.02
일본,202602,한의학과,1.45,0.94
일본,202603,대학/종합병원,0.57,0.46
일본,202603,성형외과,21.39,5.35
일본,202603,안과,0.45,0.18
일본,202603,약국,17.07,68.06
일본,202603,치과,2.86,0.86
일본,202603,피부과,56.43,24.29
일본,202603,한약방,0.01,0.04
일본,202603,한의학과,1.22,0.75
일본,202604,대학/종합병원,0.84,0.57
일본,202604,성형외과,24.19,6.39
일본,202604,안과,0.42,0.19
일본,202604,약국,16.16,66.87
일본,202604,치과,2.82,1.08
일본,202604,피부과,54.39,23.97
일본,202604,한약방,0.01,0.04
일본,202604,한의학과,1.18,0.91
일본,202605,대학/종합병원,0.72,0.5
일본,202605,성형외과,21.56,5.68
일본,202605,안과,0.41,0.13
일본,202605,약국,18.37,68.82
일본,202605,치과,2.72,0.94
일본,202605,피부과,55.1,23.09
일본,202605,한약방,0.0,0.02
일본,202605,한의학과,1.12,0.84
일본,202606,대학/종합병원,0.6,0.43
일본,202606,성형외과,20.77,5.7
일본,202606,안과,0.35,0.12
일본,202606,약국,17.99,67.63
일본,202606,치과,2.58,0.88
일본,202606,피부과,56.56,24.38
일본,202606,한약방,0.02,0.04
일본,202606,한의학과,1.14,0.81
일본,202607,대학/종합병원,0.87,0.46
일본,202607,성형외과,20.15,5.67
일본,202607,안과,0.43,0.15
일본,202607,약국,17.93,68.15
일본,202607,치과,2.73,1.03
일본,202607,피부과,56.63,23.58
일본,202607,한약방,0.01,0.07
일본,202607,한의학과,1.26,0.9
중국,202001,대학/종합병원,7.41,4.81
중국,202001,성형외과,35.65,4.73
중국,202001,안과,0.6,0.31
중국,202001,약국,32.06,82.55
중국,202001,치과,4.39,1.93
중국,202001,피부과,18.42,4.7
중국,202001,한약방,0.09,0.24
중국,202001,한의학과,1.38,0.72
중국,202002,대학/종합병원,5.44,3.21
중국,202002,성형외과,21.08,1.93
중국,202002,안과,0.98,0.38
중국,202002,약국,56.93,89.18
중국,202002,치과,6.78,2.3
중국,202002,피부과,7.3,2.01
중국,202002,한약방,0.23,0.35
중국,202002,한의학과,1.26,0.64
중국,202003,대학/종합병원,13.14,9.7
중국,202003,성형외과,25.26,3.62
중국,202003,안과,2.14,1.28
중국,202003,약국,15.15,68.67
중국,202003,치과,13.9,6.93
중국,202003,피부과,25.48,6.23
중국,202003,한약방,0.03,0.37
중국,202003,한의학과,4.9,3.2
중국,202004,대학/종합병원,20.27,11.28
중국,202004,성형외과,15.3,4.55
중국,202004,안과,0.9,1.25
중국,202004,약국,10.56,60.44
중국,202004,치과,25.31,9.25
중국,202004,피부과,22.9,7.28
중국,202004,한약방,0.1,0.1
중국,202004,한의학과,4.67,5.85
중국,202005,대학/종합병원,27.61,12.25
중국,202005,성형외과,18.82,4.25
중국,202005,안과,1.09,1.47
중국,202005,약국,10.45,61.07
중국,202005,치과,21.66,7.76
중국,202005,피부과,16.98,7.97
중국,202005,한약방,0.1,0.37
중국,202005,한의학과,3.3,4.86
중국,202006,대학/종합병원,31.18,12.77
중국,202006,성형외과,19.23,4.47
중국,202006,안과,4.18,1.5
중국,202006,약국,8.82,58.64
중국,202006,치과,17.48,8.87
중국,202006,피부과,13.77,8.74
중국,202006,한약방,0.0,0.08
중국,202006,한의학과,5.35,4.92
중국,202007,대학/종합병원,25.07,17.18
중국,202007,성형외과,20.4,4.9
중국,202007,안과,2.5,1.45
중국,202007,약국,9.84,52.14
중국,202007,치과,18.6,9.86
중국,202007,피부과,18.43,10.19
중국,202007,한약방,0.12,0.36
중국,202007,한의학과,5.05,3.91
중국,202008,대학/종합병원,30.88,21.88
중국,202008,성형외과,11.96,4.27
중국,202008,안과,1.97,1.56
중국,202008,약국,11.36,51.9
중국,202008,치과,24.16,8.65
중국,202008,피부과,15.7,7.81
중국,202008,한약방,0.05,0.11
중국,202008,한의학과,3.94,3.81
중국,202009,대학/종합병원,24.7,27.3
중국,202009,성형외과,18.91,3.65
중국,202009,안과,1.64,1.09
중국,202009,약국,10.02,46.01
중국,202009,치과,16.87,8.17
중국,202009,피부과,19.37,8.7
중국,202009,한약방,0.01,0.07
중국,202009,한의학과,8.47,5.01
중국,202010,대학/종합병원,41.44,28.02
중국,202010,성형외과,9.89,3.41
중국,202010,안과,1.08,1.28
중국,202010,약국,8.79,46.32
중국,202010,치과,15.45,7.51
중국,202010,피부과,18.4,9.52
중국,202010,한약방,0.23,0.26
중국,202010,한의학과,4.72,3.7
중국,202011,대학/종합병원,31.6,37.88
중국,202011,성형외과,18.88,3.42
중국,202011,안과,4.89,1.24
중국,202011,약국,8.4,40.96
중국,202011,치과,19.33,6.16
중국,202011,피부과,13.94,7.38
중국,202011,한약방,0.06,0.19
중국,202011,한의학과,2.89,2.77
중국,202012,대학/종합병원,40.14,40.02
중국,202012,성형외과,13.08,4.05
중국,202012,안과,1.59,0.68
중국,202012,약국,6.77,39.79
중국,202012,치과,17.28,5.38
중국,202012,피부과,17.74,6.75
중국,202012,한약방,0.02,0.29
중국,202012,한의학과,3.39,3.06
중국,202101,대학/종합병원,35.45,35.73
중국,202101,성형외과,13.73,2.85
중국,202101,안과,0.22,0.4
중국,202101,약국,8.86,42.87
중국,202101,치과,19.74,7.8
중국,202101,피부과,18.69,7.36
중국,202101,한약방,0.0,0.05
중국,202101,한의학과,3.3,2.95
중국,202102,대학/종합병원,23.46,22.79
중국,202102,성형외과,16.94,3.98
중국,202102,안과,6.47,1.06
중국,202102,약국,8.41,49.66
중국,202102,치과,14.51,9.18
중국,202102,피부과,24.49,8.87
중국,202102,한의학과,5.71,4.46
중국,202103,대학/종합병원,24.66,24.25
중국,202103,성형외과,13.68,3.31
중국,202103,안과,0.84,1.51
중국,202103,약국,8.24,45.13
중국,202103,치과,24.09,9.4
중국,202103,피부과,23.98,12.22
중국,202103,한약방,0.0,0.05
중국,202103,한의학과,4.51,4.14
중국,202104,대학/종합병원,28.49,25.43
중국,202104,성형외과,8.46,2.88
중국,202104,안과,1.24,1.59
중국,202104,약국,7.04,44.87
중국,202104,치과,26.27,9.16
중국,202104,피부과,23.11,11.13
중국,202104,한의학과,5.38,4.93
중국,202105,대학/종합병원,30.73,26.25
중국,202105,성형외과,9.53,3.14
중국,202105,안과,4.69,2.0
중국,202105,약국,7.24,43.32
중국,202105,치과,22.63,9.46
중국,202105,피부과,21.49,10.27
중국,202105,한의학과,3.69,5.56
중국,202106,대학/종합병원,36.96,33.19
중국,202106,성형외과,11.64,3.51
중국,202106,안과,2.86,1.01
중국,202106,약국,6.74,39.26
중국,202106,치과,19.62,8.41
중국,202106,피부과,18.7,10.31
중국,202106,한약방,0.02,0.13
중국,202106,한의학과,3.46,4.18
중국,202107,대학/종합병원,35.61,31.39
중국,202107,성형외과,11.56,3.11
중국,202107,안과,6.06,1.44
중국,202107,약국,8.03,42.35
중국,202107,치과,16.03,9.2
중국,202107,피부과,19.79,8.57
중국,202107,한약방,0.15,0.18
중국,202107,한의학과,2.77,3.74
중국,202108,대학/종합병원,29.99,27.22
중국,202108,성형외과,20.01,2.63
중국,202108,안과,4.94,2.06
중국,202108,약국,9.89,45.61
중국,202108,치과,17.29,9.22
중국,202108,피부과,13.57,7.56
중국,202108,한약방,0.0,0.05
중국,202108,한의학과,4.3,5.66
중국,202109,대학/종합병원,24.2,24.36
중국,202109,성형외과,6.99,2.16
중국,202109,안과,0.72,1.31
중국,202109,약국,11.25,48.92
중국,202109,치과,20.04,7.18
중국,202109,피부과,31.29,10.35
중국,202109,한약방,0.0,0.1
중국,202109,한의학과,5.5,5.63
중국,202110,대학/종합병원,32.01,23.48
중국,202110,성형외과,7.74,2.43
중국,202110,안과,1.2,1.45
중국,202110,약국,8.69,49.52
중국,202110,치과,15.42,7.65
중국,202110,피부과,26.82,10.7
중국,202110,한약방,0.22,0.19
중국,202110,한의학과,7.9,4.59
중국,202111,대학/종합병원,26.93,24.93
중국,202111,성형외과,14.31,2.88
중국,202111,안과,1.25,1.82
중국,202111,약국,7.18,44.83
중국,202111,치과,12.66,8.11
중국,202111,피부과,32.49,12.64
중국,202111,한약방,0.14,0.09
중국,202111,한의학과,5.05,4.7
중국,202112,대학/종합병원,38.0,31.37
중국,202112,성형외과,15.36,2.67
중국,202112,안과,0.78,1.3
중국,202112,약국,7.74,43.62
중국,202112,치과,15.4,7.48
중국,202112,피부과,17.41,8.01
중국,202112,한약방,0.08,0.04
중국,202112,한의학과,5.23,5.51
중국,202201,대학/종합병원,27.11,23.53
중국,202201,성형외과,23.74,2.94
중국,202201,안과,8.22,1.8
중국,202201,약국,6.56,46.87
중국,202201,치과,10.98,8.7
중국,202201,피부과,18.87,8.54
중국,202201,한약방,0.09,0.1
중국,202201,한의학과,4.44,7.51
중국,202202,대학/종합병원,26.19,23.29
중국,202202,성형외과,19.99,4.13
중국,202202,안과,4.24,1.46
중국,202202,약국,8.1,51.88
중국,202202,치과,8.89,7.04
중국,202202,피부과,25.78,7.11
중국,202202,한약방,0.08,0.2
중국,202202,한의학과,6.73,4.89
중국,202203,대학/종합병원,24.42,18.43
중국,202203,성형외과,24.93,3.59
중국,202203,안과,0.27,1.08
중국,202203,약국,12.31,59.31
중국,202203,치과,9.98,5.53
중국,202203,피부과,21.53,8.03
중국,202203,한약방,0.17,0.15
중국,202203,한의학과,6.4,3.88
중국,202204,대학/종합병원,22.76,19.34
중국,202204,성형외과,20.8,3.75
중국,202204,안과,2.94,1.91
중국,202204,약국,9.25,53.9
중국,202204,치과,15.65,7.87
중국,202204,피부과,22.48,8.33
중국,202204,한약방,0.01,0.15
중국,202204,한의학과,6.1,4.74
중국,202205,대학/종합병원,17.09,22.45
중국,202205,성형외과,24.31,3.72
중국,202205,안과,0.91,1.42
중국,202205,약국,8.1,49.97
중국,202205,치과,13.27,7.66
중국,202205,피부과,29.34,9.89
중국,202205,한약방,0.0,0.08
중국,202205,한의학과,6.97,4.83
중국,202206,대학/종합병원,17.56,22.38
중국,202206,성형외과,29.74,4.35
중국,202206,안과,2.37,1.84
중국,202206,약국,5.45,48.49
중국,202206,치과,17.41,8.13
중국,202206,피부과,24.35,9.35
중국,202206,한약방,0.04,0.15
중국,202206,한의학과,3.07,5.3
중국,202207,대학/종합병원,21.22,22.18
중국,202207,성형외과,22.86,4.48
중국,202207,안과,3.95,1.22
중국,202207,약국,8.61,52.03
중국,202207,치과,13.7,7.36
중국,202207,피부과,26.69,8.76
중국,202207,한약방,0.02,0.13
중국,202207,한의학과,2.96,3.85
중국,202208,대학/종합병원,17.31,23.43
중국,202208,성형외과,25.51,4.52
중국,202208,안과,3.36,1.18
중국,202208,약국,6.78,51.89
중국,202208,치과,9.66,5.37
중국,202208,피부과,33.5,9.56
중국,202208,한약방,0.03,0.18
중국,202208,한의학과,3.84,3.88
중국,202209,대학/종합병원,20.0,22.57
중국,202209,성형외과,37.11,3.83
중국,202209,안과,1.14,0.83
중국,202209,약국,8.6,55.14
중국,202209,치과,9.42,5.79
중국,202209,피부과,20.68,8.3
중국,202209,한약방,0.02,0.22
중국,202209,한의학과,3.04,3.32
중국,202210,대학/종합병원,23.73,21.03
중국,202210,성형외과,25.19,3.67
중국,202210,안과,0.92,0.9
중국,202210,약국,7.79,55.76
중국,202210,치과,10.04,5.23
중국,202210,피부과,28.3,9.86
중국,202210,한약방,0.04,0.34
중국,202210,한의학과,3.99,3.21
중국,202211,대학/종합병원,15.86,19.36
중국,202211,성형외과,29.63,4.08
중국,202211,안과,3.62,1.19
중국,202211,약국,6.61,54.92
중국,202211,치과,9.99,6.25
중국,202211,피부과,30.44,10.62
중국,202211,한약방,0.04,0.32
중국,202211,한의학과,3.82,3.26
중국,202212,대학/종합병원,16.08,15.77
중국,202212,성형외과,31.71,3.61
중국,202212,안과,3.63,0.89
중국,202212,약국,13.38,66.65
중국,202212,치과,7.72,3.54
중국,202212,피부과,25.93,7.39
중국,202212,한약방,0.04,0.36
중국,202212,한의학과,1.51,1.79
중국,202301,대학/종합병원,17.72,19.43
중국,202301,성형외과,28.13,4.5
중국,202301,안과,3.68,1.61
중국,202301,약국,7.54,55.07
중국,202301,치과,11.88,5.6
중국,202301,피부과,27.31,10.47
중국,202301,한약방,0.08,0.43
중국,202301,한의학과,3.65,2.89
중국,202302,대학/종합병원,16.53,22.05
중국,202302,성형외과,25.58,3.99
중국,202302,안과,3.06,1.93
중국,202302,약국,6.91,48.14
중국,202302,치과,8.16,6.5
중국,202302,피부과,32.92,13.17
중국,202302,한약방,0.02,0.23
중국,202302,한의학과,6.83,4.0
중국,202303,대학/종합병원,14.32,19.37
중국,202303,성형외과,29.62,5.76
중국,202303,안과,1.33,1.08
중국,202303,약국,5.78,51.06
중국,202303,치과,7.56,5.63
중국,202303,피부과,38.31,13.81
중국,202303,한약방,0.01,0.33
중국,202303,한의학과,3.07,2.96
중국,202304,대학/종합병원,11.72,19.1
중국,202304,성형외과,34.06,5.83
중국,202304,안과,2.09,1.26
중국,202304,약국,6.41,52.01
중국,202304,치과,5.03,4.34
중국,202304,피부과,38.29,14.71
중국,202304,한약방,0.01,0.27
중국,202304,한의학과,2.38,2.47
중국,202305,대학/종합병원,8.13,6.23
중국,202305,성형외과,28.0,6.46
중국,202305,안과,0.52,0.88
중국,202305,약국,6.1,60.06
중국,202305,치과,5.42,4.0
중국,202305,피부과,49.42,19.89
중국,202305,한약방,0.02,0.25
중국,202305,한의학과,2.39,2.23
중국,202306,대학/종합병원,5.32,5.33
중국,202306,성형외과,30.42,7.52
중국,202306,안과,1.65,0.81
중국,202306,약국,5.54,58.33
중국,202306,치과,3.48,3.66
중국,202306,피부과,52.35,22.28
중국,202306,한약방,0.03,0.32
중국,202306,한의학과,1.22,1.75
중국,202307,대학/종합병원,6.98,5.19
중국,202307,성형외과,27.68,7.01
중국,202307,안과,1.2,0.88
중국,202307,약국,6.41,62.6
중국,202307,치과,3.25,3.37
중국,202307,피부과,52.97,18.91
중국,202307,한약방,0.02,0.32
중국,202307,한의학과,1.49,1.72
중국,202308,대학/종합병원,5.01,5.77
중국,202308,성형외과,27.24,6.57
중국,202308,안과,1.37,0.77
중국,202308,약국,6.13,62.26
중국,202308,치과,2.83,3.22
중국,202308,피부과,56.15,19.29
중국,202308,한약방,0.08,0.33
중국,202308,한의학과,1.18,1.79
중국,202309,대학/종합병원,3.77,4.57
중국,202309,성형외과,29.77,6.74
중국,202309,안과,0.45,0.72
중국,202309,약국,5.84,63.25
중국,202309,치과,3.07,2.82
중국,202309,피부과,55.55,19.65
중국,202309,한약방,0.02,0.29
중국,202309,한의학과,1.53,1.97
중국,202310,대학/종합병원,8.1,5.29
중국,202310,성형외과,25.39,5.28
중국,202310,안과,0.61,0.7
중국,202310,약국,5.15,63.06
중국,202310,치과,4.16,3.09
중국,202310,피부과,55.33,19.93
중국,202310,한약방,0.01,0.33
중국,202310,한의학과,1.26,2.31
중국,202311,대학/종합병원,5.96,6.02
중국,202311,성형외과,22.77,5.45
중국,202311,안과,1.12,0.8
중국,202311,약국,5.15,60.52
중국,202311,치과,2.39,3.08
중국,202311,피부과,60.96,21.58
중국,202311,한약방,0.02,0.34
중국,202311,한의학과,1.62,2.2
중국,202312,대학/종합병원,6.34,5.87
중국,202312,성형외과,26.19,6.3
중국,202312,안과,0.81,0.77
중국,202312,약국,4.83,59.57
중국,202312,치과,3.09,2.95
중국,202312,피부과,57.6,22.53
중국,202312,한약방,0.02,0.25
중국,202312,한의학과,1.13,1.75
중국,202401,대학/종합병원,4.78,5.19
중국,202401,성형외과,25.3,6.39
중국,202401,안과,0.9,0.85
중국,202401,약국,4.79,58.84
중국,202401,치과,3.27,3.1
중국,202401,피부과,59.76,23.69
중국,202401,한약방,0.01,0.08
중국,202401,한의학과,1.2,1.86
중국,202402,대학/종합병원,5.06,4.87
중국,202402,성형외과,25.14,6.78
중국,202402,안과,0.93,1.05
중국,202402,약국,4.91,59.75
중국,202402,치과,3.18,2.94
중국,202402,피부과,59.86,23.03
중국,202402,한약방,0.01,0.16
중국,202402,한의학과,0.91,1.42
중국,202403,대학/종합병원,5.13,3.99
중국,202403,성형외과,23.39,6.66
중국,202403,안과,0.78,0.82
중국,202403,약국,4.38,59.95
중국,202403,치과,2.9,2.87
중국,202403,피부과,62.21,23.54
중국,202403,한약방,0.02,0.24
중국,202403,한의학과,1.19,1.95
중국,202404,대학/종합병원,2.57,3.43
중국,202404,성형외과,22.4,6.88
중국,202404,안과,0.85,0.83
중국,202404,약국,3.96,58.68
중국,202404,치과,4.35,3.2
중국,202404,피부과,64.72,24.51
중국,202404,한약방,0.01,0.24
중국,202404,한의학과,1.14,2.22
중국,202405,대학/종합병원,3.47,3.69
중국,202405,성형외과,20.24,6.25
중국,202405,안과,0.46,0.79
중국,202405,약국,4.14,59.24
중국,202405,치과,2.27,2.89
중국,202405,피부과,67.22,24.42
중국,202405,한약방,0.01,0.27
중국,202405,한의학과,2.19,2.45
중국,202406,대학/종합병원,2.78,3.37
중국,202406,성형외과,18.83,6.54
중국,202406,안과,1.26,0.95
중국,202406,약국,3.62,58.0
중국,202406,치과,3.38,3.0
중국,202406,피부과,68.77,26.07
중국,202406,한약방,0.01,0.25
중국,202406,한의학과,1.34,1.83
중국,202407,대학/종합병원,3.89,4.32
중국,202407,성형외과,20.18,5.92
중국,202407,안과,0.99,0.81
중국,202407,약국,4.31,61.66
중국,202407,치과,2.24,2.77
중국,202407,피부과,67.47,23.11
중국,202407,한약방,0.01,0.26
중국,202407,한의학과,0.92,1.14
중국,202408,대학/종합병원,2.96,3.71
중국,202408,성형외과,17.54,5.61
중국,202408,안과,0.96,0.79
중국,202408,약국,4.46,61.4
중국,202408,치과,2.39,2.45
중국,202408,피부과,70.77,24.37
중국,202408,한약방,0.01,0.2
중국,202408,한의학과,0.91,1.46
중국,202409,대학/종합병원,3.11,3.44
중국,202409,성형외과,22.96,5.92
중국,202409,안과,0.88,0.71
중국,202409,약국,3.74,62.39
중국,202409,치과,1.84,2.49
중국,202409,피부과,66.08,22.84
중국,202409,한약방,0.02,0.45
중국,202409,한의학과,1.37,1.77
중국,202410,대학/종합병원,3.63,3.23
중국,202410,성형외과,21.37,5.85
중국,202410,안과,0.6,0.57
중국,202410,약국,3.84,62.95
중국,202410,치과,2.62,2.74
중국,202410,피부과,66.72,22.46
중국,202410,한약방,0.01,0.27
중국,202410,한의학과,1.22,1.92
중국,202411,대학/종합병원,2.09,3.54
중국,202411,성형외과,23.12,6.3
중국,202411,안과,0.29,0.67
중국,202411,약국,3.47,59.71
중국,202411,치과,2.49,3.39
중국,202411,피부과,67.31,23.49
중국,202411,한약방,0.02,0.34
중국,202411,한의학과,1.22,2.56
중국,202412,대학/종합병원,2.12,2.98
중국,202412,성형외과,22.91,6.09
중국,202412,안과,0.82,0.64
중국,202412,약국,3.5,60.26
중국,202412,치과,1.93,3.07
중국,202412,피부과,67.84,24.55
중국,202412,한약방,0.0,0.3
중국,202412,한의학과,0.88,2.11
중국,202501,대학/종합병원,3.02,3.57
중국,202501,성형외과,21.92,6.58
중국,202501,안과,0.83,0.66
중국,202501,약국,2.99,58.05
중국,202501,치과,1.66,2.26
중국,202501,피부과,68.66,26.88
중국,202501,한약방,0.0,0.2
중국,202501,한의학과,0.92,1.8
중국,202502,대학/종합병원,4.73,4.23
중국,202502,성형외과,17.56,6.14
중국,202502,안과,0.67,0.79
중국,202502,약국,3.54,56.29
중국,202502,치과,1.57,3.12
중국,202502,피부과,70.97,27.17
중국,202502,한약방,0.01,0.15
중국,202502,한의학과,0.95,2.1
중국,202503,대학/종합병원,2.15,2.9
중국,202503,성형외과,18.89,5.3
중국,202503,안과,0.61,0.72
중국,202503,약국,3.31,60.59
중국,202503,치과,1.68,2.55
중국,202503,피부과,72.44,25.83
중국,202503,한약방,0.01,0.41
중국,202503,한의학과,0.9,1.71
중국,202504,대학/종합병원,2.28,3.23
중국,202504,성형외과,20.99,6.09
중국,202504,안과,0.54,0.73
중국,202504,약국,2.94,57.81
중국,202504,치과,1.46,2.41
중국,202504,피부과,71.16,27.83
중국,202504,한약방,0.0,0.28
중국,202504,한의학과,0.63,1.62
중국,202505,대학/종합병원,2.67,3.04
중국,202505,성형외과,16.68,5.16
중국,202505,안과,0.75,0.65
중국,202505,약국,3.31,59.24
중국,202505,치과,1.52,2.46
중국,202505,피부과,74.08,27.46
중국,202505,한약방,0.01,0.2
중국,202505,한의학과,0.98,1.8
중국,202506,대학/종합병원,1.75,2.52
중국,202506,성형외과,18.65,5.87
중국,202506,안과,0.38,0.61
중국,202506,약국,3.5,58.41
중국,202506,치과,1.37,2.34
중국,202506,피부과,73.65,28.55
중국,202506,한약방,0.01,0.29
중국,202506,한의학과,0.69,1.4
중국,202507,대학/종합병원,2.29,2.74
중국,202507,성형외과,18.9,5.71
중국,202507,안과,0.71,0.6
중국,202507,약국,4.21,61.73
중국,202507,치과,1.09,1.96
중국,202507,피부과,72.19,25.93
중국,202507,한약방,0.0,0.2
중국,202507,한의학과,0.6,1.13
중국,202508,대학/종합병원,2.38,2.91
중국,202508,성형외과,18.09,5.63
중국,202508,안과,0.53,0.6
중국,202508,약국,4.31,61.96
중국,202508,치과,1.87,1.9
중국,202508,피부과,72.13,25.84
중국,202508,한약방,0.0,0.2
중국,202508,한의학과,0.69,0.96
중국,202509,대학/종합병원,2.11,2.39
중국,202509,성형외과,20.44,5.66
중국,202509,안과,0.27,0.46
중국,202509,약국,3.92,64.05
중국,202509,치과,1.39,2.06
중국,202509,피부과,71.14,23.75
중국,202509,한약방,0.01,0.31
중국,202509,한의학과,0.73,1.32
중국,202510,대학/종합병원,2.6,2.75
중국,202510,성형외과,18.47,4.31
중국,202510,안과,0.33,0.49
중국,202510,약국,5.19,68.39
중국,202510,치과,1.47,2.56
중국,202510,피부과,71.25,19.79
중국,202510,한약방,0.01,0.48
중국,202510,한의학과,0.69,1.23
중국,202511,대학/종합병원,1.98,2.55
중국,202511,성형외과,18.59,4.56
중국,202511,안과,0.65,0.68
중국,202511,약국,4.62,66.92
중국,202511,치과,1.61,2.68
중국,202511,피부과,71.97,20.79
중국,202511,한약방,0.01,0.39
중국,202511,한의학과,0.58,1.43
중국,202512,대학/종합병원,1.41,2.26
중국,202512,성형외과,18.62,4.89
중국,202512,안과,0.31,0.51
중국,202512,약국,4.39,65.36
중국,202512,치과,1.17,2.27
중국,202512,피부과,73.62,23.35
중국,202512,한약방,0.01,0.29
중국,202512,한의학과,0.47,1.08
중국,202601,대학/종합병원,1.94,2.49
중국,202601,성형외과,18.3,4.79
중국,202601,안과,0.4,0.53
중국,202601,약국,5.3,64.7
중국,202601,치과,1.01,1.81
중국,202601,피부과,72.58,24.49
중국,202601,한약방,0.0,0.16
중국,202601,한의학과,0.46,1.03
중국,202602,대학/종합병원,2.25,2.86
중국,202602,성형외과,17.26,4.47
중국,202602,안과,0.74,0.65
중국,202602,약국,6.65,66.85
중국,202602,치과,1.15,1.89
중국,202602,피부과,71.5,22.27
중국,202602,한약방,0.01,0.17
중국,202602,한의학과,0.44,0.84
중국,202603,대학/종합병원,1.61,2.51
중국,202603,성형외과,14.44,3.64
중국,202603,안과,0.71,0.59
중국,202603,약국,7.08,68.48
중국,202603,치과,1.59,2.53
중국,202603,피부과,73.94,20.73
중국,202603,한약방,0.01,0.31
중국,202603,한의학과,0.61,1.21
중국,202604,대학/종합병원,2.37,2.35
중국,202604,성형외과,14.14,3.64
중국,202604,안과,0.35,0.59
중국,202604,약국,6.45,67.35
중국,202604,치과,1.81,2.24
중국,202604,피부과,74.29,22.3
중국,202604,한약방,0.01,0.24
중국,202604,한의학과,0.59,1.29
중국,202605,대학/종합병원,1.88,2.19
중국,202605,성형외과,13.29,3.66
중국,202605,안과,0.33,0.48
중국,202605,약국,6.78,67.81
중국,202605,치과,1.57,2.26
중국,202605,피부과,75.56,22.16
중국,202605,한약방,0.0,0.23
중국,202605,한의학과,0.58,1.2
중국,202606,대학/종합병원,1.49,2.05
중국,202606,성형외과,14.91,3.77
중국,202606,안과,0.64,0.48
중국,202606,약국,7.71,70.47
중국,202606,치과,1.47,1.86
중국,202606,피부과,73.22,20.05
중국,202606,한약방,0.01,0.19
중국,202606,한의학과,0.55,1.13
중국,202607,대학/종합병원,2.24,2.18
중국,202607,성형외과,15.14,3.55
중국,202607,안과,0.68,0.49
중국,202607,약국,7.96,72.1
중국,202607,치과,1.49,1.72
중국,202607,피부과,71.96,19.04
중국,202607,한약방,0.01,0.18
중국,202607,한의학과,0.51,0.74
태국,202001,대학/종합병원,1.82,4.41
태국,202001,성형외과,86.42,20.02
태국,202001,안과,0.0,0.11
태국,202001,약국,4.54,64.37
태국,202001,치과,1.8,3.73
태국,202001,피부과,5.34,6.0
태국,202001,한약방,0.02,0.34
태국,202001,한의학과,0.06,1.02
태국,202002,대학/종합병원,1.31,2.58
태국,202002,성형외과,88.32,17.38
태국,202002,안과,0.6,0.1
태국,202002,약국,4.51,70.68
태국,202002,치과,1.0,2.2
태국,202002,피부과,4.17,5.44
태국,202002,한약방,0.01,0.57
태국,202002,한의학과,0.08,1.05
태국,202003,대학/종합병원,19.19,24.4
태국,202003,성형외과,44.85,4.47
태국,202003,안과,0.06,1.72
태국,202003,약국,8.48,52.23
태국,202003,치과,14.33,7.22
태국,202003,피부과,10.98,8.93
태국,202003,한의학과,2.1,1.03
태국,202004,대학/종합병원,10.52,10.58
태국,202004,성형외과,76.6,10.58
태국,202004,안과,0.02,1.37
태국,202004,약국,3.43,56.31
태국,202004,치과,4.93,9.56
태국,202004,피부과,2.23,6.14
태국,202004,한약방,0.01,0.34
태국,202004,한의학과,2.25,5.12
태국,202005,대학/종합병원,3.1,6.29
태국,202005,성형외과,40.88,12.25
태국,202005,안과,21.98,2.98
태국,202005,약국,6.83,55.96
태국,202005,치과,13.72,7.62
태국,202005,피부과,11.58,10.26
태국,202005,한약방,0.02,0.33
태국,202005,한의학과,1.9,4.3
태국,202006,대학/종합병원,18.77,15.29
태국,202006,성형외과,40.34,8.82
태국,202006,안과,0.14,0.88
태국,202006,약국,8.48,50.0
태국,202006,치과,18.33,11.76
태국,202006,피부과,12.63,8.24
태국,202006,한의학과,1.31,5.0
태국,202007,대학/종합병원,25.58,12.69
태국,202007,성형외과,21.28,10.53
태국,202007,안과,0.27,1.24
태국,202007,약국,10.37,49.85
태국,202007,치과,8.14,9.29
태국,202007,피부과,22.89,8.05
태국,202007,한약방,0.02,0.31
태국,202007,한의학과,11.45,8.05
태국,202008,대학/종합병원,47.25,16.21
태국,202008,성형외과,12.25,5.2
태국,202008,안과,2.31,0.92
태국,202008,약국,6.69,50.76
태국,202008,치과,12.38,12.23
태국,202008,피부과,16.78,8.56
태국,202008,한의학과,2.34,6.12
태국,202009,대학/종합병원,30.79,10.1
태국,202009,성형외과,21.11,9.12
태국,202009,안과,0.03,0.33
태국,202009,약국,11.33,50.49
태국,202009,치과,15.68,10.75
태국,202009,피부과,19.58,12.38
태국,202009,한약방,0.05,0.65
태국,202009,한의학과,1.45,6.19
태국,202010,대학/종합병원,11.88,14.96
태국,202010,성형외과,40.29,5.98
태국,202010,안과,0.13,0.85
태국,202010,약국,5.16,52.99
태국,202010,치과,14.53,13.25
태국,202010,피부과,11.62,8.97
태국,202010,한약방,0.02,0.85
태국,202010,한의학과,16.37,2.14
태국,202011,대학/종합병원,14.03,12.0
태국,202011,성형외과,43.22,8.44
태국,202011,안과,0.48,2.22
태국,202011,약국,8.02,52.44
태국,202011,치과,7.77,12.0
태국,202011,피부과,20.29,9.78
태국,202011,한의학과,6.19,3.11
태국,202012,대학/종합병원,14.65,20.88
태국,202012,성형외과,23.87,5.72
태국,202012,안과,0.11,1.68
태국,202012,약국,8.63,44.78
태국,202012,치과,32.53,13.47
태국,202012,피부과,15.96,8.75
태국,202012,한약방,0.02,0.34
태국,202012,한의학과,4.24,4.38
태국,202101,대학/종합병원,25.14,10.59
태국,202101,성형외과,14.15,5.93
태국,202101,안과,0.02,0.42
태국,202101,약국,6.03,48.73
태국,202101,치과,18.81,17.8
태국,202101,피부과,34.72,12.71
태국,202101,한약방,0.01,0.42
태국,202101,한의학과,1.14,3.39
태국,202102,대학/종합병원,19.66,10.84
태국,202102,성형외과,22.58,5.42
태국,202102,안과,1.35,2.96
태국,202102,약국,9.06,50.25
태국,202102,치과,19.26,17.73
태국,202102,피부과,27.54,8.87
태국,202102,한의학과,0.55,3.94
태국,202103,대학/종합병원,28.23,15.45
태국,202103,성형외과,24.6,10.16
태국,202103,안과,0.11,1.63
태국,202103,약국,4.71,45.93
태국,202103,치과,7.17,10.16
태국,202103,피부과,34.69,9.35
태국,202103,한의학과,0.49,7.32
태국,202104,대학/종합병원,10.16,14.9
태국,202104,성형외과,13.94,7.06
태국,202104,안과,0.47,2.75
태국,202104,약국,6.89,50.2
태국,202104,치과,15.12,9.41
태국,202104,피부과,51.33,10.98
태국,202104,한약방,0.02,0.39
태국,202104,한의학과,2.07,4.31
태국,202105,대학/종합병원,7.1,12.13
태국,202105,성형외과,12.04,6.69
태국,202105,안과,7.89,2.09
태국,202105,약국,8.4,59.41
태국,202105,치과,14.57,7.95
태국,202105,피부과,48.29,9.21
태국,202105,한의학과,1.71,2.51
태국,202106,대학/종합병원,7.02,9.54
태국,202106,성형외과,43.56,9.54
태국,202106,안과,0.08,1.15
태국,202106,약국,4.87,45.42
태국,202106,치과,16.75,12.6
태국,202106,피부과,26.14,17.18
태국,202106,한의학과,1.58,4.58
태국,202107,대학/종합병원,9.66,19.69
태국,202107,성형외과,19.47,8.49
태국,202107,안과,0.11,1.16
태국,202107,약국,11.53,48.26
태국,202107,치과,7.53,11.2
태국,202107,피부과,51.09,9.27
태국,202107,한의학과,0.62,1.93
태국,202108,대학/종합병원,10.03,13.65
태국,202108,성형외과,27.15,8.86
태국,202108,안과,0.31,0.74
태국,202108,약국,12.5,54.24
태국,202108,치과,26.01,12.92
태국,202108,피부과,15.69,7.01
태국,202108,한의학과,8.3,2.58
태국,202109,대학/종합병원,22.52,27.57
태국,202109,성형외과,14.4,5.32
태국,202109,안과,0.46,1.0
태국,202109,약국,6.73,43.52
태국,202109,치과,25.71,9.63
태국,202109,피부과,27.6,10.63
태국,202109,한약방,2.45,1.33
태국,202109,한의학과,0.13,1.0
태국,202110,대학/종합병원,16.75,15.51
태국,202110,성형외과,35.17,6.65
태국,202110,안과,0.21,0.32
태국,202110,약국,13.0,59.18
태국,202110,치과,11.7,8.23
태국,202110,피부과,22.97,8.23
태국,202110,한의학과,0.19,1.9
태국,202111,대학/종합병원,18.71,31.53
태국,202111,성형외과,32.78,6.08
태국,202111,안과,2.52,1.35
태국,202111,약국,10.23,43.47
태국,202111,치과,13.67,8.11
태국,202111,피부과,20.34,7.43
태국,202111,한의학과,1.74,2.03
태국,202112,대학/종합병원,22.09,31.3
태국,202112,성형외과,34.89,5.54
태국,202112,안과,0.08,0.55
태국,202112,약국,4.52,43.77
태국,202112,치과,10.9,8.31
태국,202112,피부과,27.4,8.59
태국,202112,한약방,0.03,0.83
태국,202112,한의학과,0.09,1.11
태국,202201,대학/종합병원,27.09,20.39
태국,202201,성형외과,27.06,7.44
태국,202201,안과,0.33,1.93
태국,202201,약국,11.41,49.86
태국,202201,치과,14.39,8.82
태국,202201,피부과,19.44,9.64
태국,202201,한의학과,0.29,1.93
태국,202202,대학/종합병원,16.32,18.83
태국,202202,성형외과,36.03,9.88
태국,202202,안과,0.03,0.31
태국,202202,약국,7.45,55.86
태국,202202,치과,9.27,6.17
태국,202202,피부과,30.17,8.02
태국,202202,한의학과,0.74,0.93
태국,202203,대학/종합병원,11.96,15.4
태국,202203,성형외과,35.49,9.06
태국,202203,안과,0.16,0.91
태국,202203,약국,12.13,62.68
태국,202203,치과,10.95,4.53
태국,202203,피부과,28.74,5.62
태국,202203,한약방,0.1,0.91
태국,202203,한의학과,0.47,0.91
태국,202204,대학/종합병원,2.1,12.34
태국,202204,성형외과,84.59,17.48
태국,202204,안과,0.46,1.53
태국,202204,약국,1.43,52.98
태국,202204,치과,3.19,6.1
태국,202204,피부과,8.04,6.66
태국,202204,한약방,0.01,0.55
태국,202204,한의학과,0.17,2.36
태국,202205,대학/종합병원,1.23,6.62
태국,202205,성형외과,90.58,18.21
태국,202205,안과,0.04,0.29
태국,202205,약국,2.15,61.83
태국,202205,치과,0.84,3.41
태국,202205,피부과,5.0,8.57
태국,202205,한약방,0.0,0.19
태국,202205,한의학과,0.16,0.88
태국,202206,대학/종합병원,1.8,8.07
태국,202206,성형외과,88.0,22.45
태국,202206,안과,0.7,1.13
태국,202206,약국,2.0,57.51
태국,202206,치과,1.08,2.34
태국,202206,피부과,6.38,7.72
태국,202206,한약방,0.0,0.21
태국,202206,한의학과,0.04,0.57
태국,202207,대학/종합병원,3.78,11.18
태국,202207,성형외과,85.53,18.42
태국,202207,안과,0.15,0.79
태국,202207,약국,3.24,57.56
태국,202207,치과,1.2,3.1
태국,202207,피부과,5.62,7.66
태국,202207,한약방,0.02,0.58
태국,202207,한의학과,0.47,0.73
태국,202208,대학/종합병원,2.32,8.31
태국,202208,성형외과,82.68,21.76
태국,202208,안과,0.27,0.92
태국,202208,약국,1.95,53.52
태국,202208,치과,3.05,3.52
태국,202208,피부과,9.61,10.99
태국,202208,한약방,0.0,0.14
태국,202208,한의학과,0.13,0.85
태국,202209,대학/종합병원,0.94,5.09
태국,202209,성형외과,84.64,23.67
태국,202209,안과,0.01,0.57
태국,202209,약국,1.78,55.83
태국,202209,치과,3.24,2.12
태국,202209,피부과,8.72,11.8
태국,202209,한약방,0.0,0.14
태국,202209,한의학과,0.66,0.78
태국,202210,대학/종합병원,1.66,3.47
태국,202210,성형외과,81.33,25.98
태국,202210,안과,0.19,0.63
태국,202210,약국,2.42,57.32
태국,202210,치과,2.46,1.37
태국,202210,피부과,11.69,10.3
태국,202210,한약방,0.02,0.43
태국,202210,한의학과,0.22,0.5
태국,202211,대학/종합병원,0.71,2.2
태국,202211,성형외과,82.74,25.32
태국,202211,안과,0.01,0.33
태국,202211,약국,3.0,59.84
태국,202211,치과,1.81,1.53
태국,202211,피부과,11.5,9.95
태국,202211,한약방,0.0,0.25
태국,202211,한의학과,0.22,0.58
태국,202212,대학/종합병원,1.02,3.09
태국,202212,성형외과,81.88,25.23
태국,202212,안과,0.1,0.31
태국,202212,약국,1.83,53.92
태국,202212,치과,1.37,1.49
태국,202212,피부과,13.07,15.09
태국,202212,한약방,0.0,0.49
태국,202212,한의학과,0.72,0.38
태국,202301,대학/종합병원,3.18,4.99
태국,202301,성형외과,68.69,21.92
태국,202301,안과,0.02,0.35
태국,202301,약국,2.1,49.71
태국,202301,치과,1.92,2.82
태국,202301,피부과,22.77,19.27
태국,202301,한약방,0.0,0.18
태국,202301,한의학과,1.32,0.76
태국,202302,대학/종합병원,1.59,2.96
태국,202302,성형외과,76.92,27.7
태국,202302,안과,0.36,0.44
태국,202302,약국,1.49,42.57
태국,202302,치과,2.39,1.7
태국,202302,피부과,17.23,24.14
태국,202302,한약방,0.0,0.22
태국,202302,한의학과,0.01,0.27
태국,202303,대학/종합병원,1.68,2.71
태국,202303,성형외과,77.91,24.08
태국,202303,안과,0.03,0.51
태국,202303,약국,1.39,47.01
태국,202303,치과,0.46,0.92
태국,202303,피부과,18.37,24.33
태국,202303,한약방,0.0,0.16
태국,202303,한의학과,0.15,0.29
태국,202304,대학/종합병원,2.03,3.32
태국,202304,성형외과,68.28,17.53
태국,202304,안과,0.02,0.36
태국,202304,약국,1.85,49.15
태국,202304,치과,1.87,1.2
태국,202304,피부과,25.79,27.74
태국,202304,한약방,0.01,0.34
태국,202304,한의학과,0.15,0.38
태국,202305,대학/종합병원,3.79,3.46
태국,202305,성형외과,63.38,20.0
태국,202305,안과,0.39,0.34
태국,202305,약국,1.51,41.45
태국,202305,치과,1.49,1.57
태국,202305,피부과,29.32,32.7
태국,202305,한약방,0.01,0.32
태국,202305,한의학과,0.11,0.17
태국,202306,대학/종합병원,1.7,3.96
태국,202306,성형외과,61.11,18.61
태국,202306,안과,0.08,0.35
태국,202306,약국,2.13,39.66
태국,202306,치과,0.58,1.8
태국,202306,피부과,34.33,35.17
태국,202306,한약방,0.0,0.15
태국,202306,한의학과,0.06,0.3
태국,202307,대학/종합병원,0.63,3.23
태국,202307,성형외과,73.65,17.19
태국,202307,안과,0.06,0.66
태국,202307,약국,1.54,41.8
태국,202307,치과,0.94,2.41
태국,202307,피부과,22.47,32.4
태국,202307,한약방,0.0,0.1
태국,202307,한의학과,0.71,2.21
태국,202308,대학/종합병원,2.5,3.63
태국,202308,성형외과,60.33,14.31
태국,202308,안과,0.01,0.29
태국,202308,약국,1.61,39.88
태국,202308,치과,0.95,2.27
태국,202308,피부과,34.35,38.52
태국,202308,한약방,0.01,0.21
태국,202308,한의학과,0.24,0.91
태국,202309,대학/종합병원,3.17,4.28
태국,202309,성형외과,53.79,14.21
태국,202309,안과,0.35,0.64
태국,202309,약국,1.91,42.19
태국,202309,치과,0.72,1.8
태국,202309,피부과,39.97,36.33
태국,202309,한약방,0.0,0.26
태국,202309,한의학과,0.09,0.29
태국,202310,대학/종합병원,1.65,2.62
태국,202310,성형외과,54.3,14.98
태국,202310,안과,0.22,0.28
태국,202310,약국,2.01,44.35
태국,202310,치과,0.78,1.29
태국,202310,피부과,40.94,35.89
태국,202310,한약방,0.0,0.23
태국,202310,한의학과,0.1,0.35
태국,202311,대학/종합병원,1.0,2.41
태국,202311,성형외과,55.1,12.86
태국,202311,안과,0.15,0.36
태국,202311,약국,1.82,42.35
태국,202311,치과,0.61,1.3
태국,202311,피부과,41.18,40.2
태국,202311,한약방,0.0,0.29
태국,202311,한의학과,0.13,0.23
태국,202312,대학/종합병원,1.97,4.0
태국,202312,성형외과,57.85,12.07
태국,202312,안과,0.29,0.33
태국,202312,약국,1.96,46.04
태국,202312,치과,1.62,1.58
태국,202312,피부과,36.25,35.53
태국,202312,한약방,0.0,0.22
태국,202312,한의학과,0.06,0.22
태국,202401,대학/종합병원,3.6,3.9
태국,202401,성형외과,54.06,11.18
태국,202401,안과,0.18,0.33
태국,202401,약국,2.25,47.37
태국,202401,치과,0.54,1.11
태국,202401,피부과,39.16,35.83
태국,202401,한약방,0.0,0.08
태국,202401,한의학과,0.21,0.21
태국,202402,대학/종합병원,0.82,3.79
태국,202402,성형외과,57.09,11.97
태국,202402,안과,0.02,0.34
태국,202402,약국,1.89,42.29
태국,202402,치과,0.69,1.92
태국,202402,피부과,39.45,39.27
태국,202402,한약방,0.0,0.17
태국,202402,한의학과,0.05,0.26
태국,202403,대학/종합병원,1.49,2.81
태국,202403,성형외과,51.09,11.31
태국,202403,안과,0.1,0.37
태국,202403,약국,1.93,44.49
태국,202403,치과,1.6,1.42
태국,202403,피부과,43.64,38.97
태국,202403,한약방,0.0,0.09
태국,202403,한의학과,0.16,0.54
태국,202404,대학/종합병원,1.65,2.09
태국,202404,성형외과,51.12,11.12
태국,202404,안과,0.07,0.35
태국,202404,약국,1.95,47.14
태국,202404,치과,1.01,1.16
태국,202404,피부과,44.04,37.7
태국,202404,한약방,0.0,0.1
태국,202404,한의학과,0.16,0.34
태국,202405,대학/종합병원,1.16,2.81
태국,202405,성형외과,44.16,10.03
태국,202405,안과,0.04,0.49
태국,202405,약국,2.19,44.39
태국,202405,치과,0.58,1.03
태국,202405,피부과,51.71,40.4
태국,202405,한약방,0.0,0.15
태국,202405,한의학과,0.15,0.71
태국,202406,대학/종합병원,2.8,3.68
태국,202406,성형외과,51.57,10.35
태국,202406,안과,0.14,0.54
태국,202406,약국,1.86,46.94
태국,202406,치과,1.35,1.97
태국,202406,피부과,42.14,35.66
태국,202406,한의학과,0.13,0.86
태국,202407,대학/종합병원,1.01,3.38
태국,202407,성형외과,54.67,10.6
태국,202407,안과,0.08,0.46
태국,202407,약국,1.9,46.85
태국,202407,치과,1.29,2.11
태국,202407,피부과,40.3,35.26
태국,202407,한약방,0.0,0.04
태국,202407,한의학과,0.75,1.3
태국,202408,대학/종합병원,4.16,4.9
태국,202408,성형외과,49.68,9.89
태국,202408,안과,0.49,0.63
태국,202408,약국,2.38,51.47
태국,202408,치과,0.99,2.05
태국,202408,피부과,42.01,30.22
태국,202408,한약방,0.0,0.13
태국,202408,한의학과,0.28,0.71
태국,202409,대학/종합병원,2.06,3.84
태국,202409,성형외과,52.05,10.64
태국,202409,안과,0.16,0.29
태국,202409,약국,2.09,50.45
태국,202409,치과,1.83,1.65
태국,202409,피부과,40.78,32.27
태국,202409,한약방,0.0,0.25
태국,202409,한의학과,1.03,0.61
태국,202410,대학/종합병원,0.9,2.02
태국,202410,성형외과,46.76,10.22
태국,202410,안과,0.1,0.34
태국,202410,약국,2.65,49.28
태국,202410,치과,0.45,1.19
태국,202410,피부과,48.83,36.22
태국,202410,한약방,0.0,0.11
태국,202410,한의학과,0.31,0.62
태국,202411,대학/종합병원,3.14,4.28
태국,202411,성형외과,46.85,9.37
태국,202411,안과,0.03,0.29
태국,202411,약국,2.09,48.8
태국,202411,치과,1.71,1.23
태국,202411,피부과,46.11,35.46
태국,202411,한약방,0.0,0.15
태국,202411,한의학과,0.07,0.41
태국,202412,대학/종합병원,2.37,4.55
태국,202412,성형외과,49.72,8.43
태국,202412,안과,0.36,0.2
태국,202412,약국,2.17,50.65
태국,202412,치과,0.58,1.34
태국,202412,피부과,43.87,34.27
태국,202412,한약방,0.0,0.02
태국,202412,한의학과,0.93,0.54
태국,202501,대학/종합병원,1.68,2.44
태국,202501,성형외과,54.51,8.82
태국,202501,안과,0.36,0.27
태국,202501,약국,2.4,52.18
태국,202501,치과,0.81,1.65
태국,202501,피부과,40.13,34.27
태국,202501,한약방,0.0,0.03
태국,202501,한의학과,0.12,0.34
태국,202502,대학/종합병원,1.97,3.12
태국,202502,성형외과,54.55,10.63
태국,202502,안과,0.17,0.3
태국,202502,약국,2.08,49.62
태국,202502,치과,0.71,1.76
태국,202502,피부과,40.26,33.87
태국,202502,한약방,0.0,0.13
태국,202502,한의학과,0.25,0.56
태국,202503,대학/종합병원,1.68,3.31
태국,202503,성형외과,44.25,8.62
태국,202503,안과,0.2,0.34
태국,202503,약국,2.31,47.78
태국,202503,치과,0.54,1.37
태국,202503,피부과,50.6,37.74
태국,202503,한약방,0.0,0.19
태국,202503,한의학과,0.4,0.65
태국,202504,대학/종합병원,2.05,3.05
태국,202504,성형외과,41.19,7.7
태국,202504,안과,0.02,0.31
태국,202504,약국,2.16,49.09
태국,202504,치과,0.44,1.05
태국,202504,피부과,54.02,38.39
태국,202504,한약방,0.0,0.05
태국,202504,한의학과,0.12,0.35
태국,202505,대학/종합병원,2.01,2.73
태국,202505,성형외과,37.9,6.93
태국,202505,안과,0.04,0.37
태국,202505,약국,3.96,54.37
태국,202505,치과,1.1,1.26
태국,202505,피부과,54.86,33.81
태국,202505,한약방,0.01,0.11
태국,202505,한의학과,0.13,0.43
태국,202506,대학/종합병원,1.11,2.58
태국,202506,성형외과,42.1,7.78
태국,202506,안과,0.79,0.56
태국,202506,약국,4.72,55.4
태국,202506,치과,0.45,1.53
태국,202506,피부과,50.63,31.53
태국,202506,한약방,0.01,0.12
태국,202506,한의학과,0.18,0.49
태국,202507,대학/종합병원,2.24,4.02
태국,202507,성형외과,32.16,5.7
태국,202507,안과,0.3,0.5
태국,202507,약국,5.85,56.33
태국,202507,치과,1.96,2.06
태국,202507,피부과,56.7,30.74
태국,202507,한약방,0.0,0.02
태국,202507,한의학과,0.78,0.64
태국,202508,대학/종합병원,1.29,3.48
태국,202508,성형외과,39.74,7.08
태국,202508,안과,0.53,0.44
태국,202508,약국,4.97,55.36
태국,202508,치과,1.3,2.7
태국,202508,피부과,51.9,30.25
태국,202508,한약방,0.0,0.09
태국,202508,한의학과,0.26,0.6
태국,202509,대학/종합병원,1.33,3.48
태국,202509,성형외과,30.59,5.82
태국,202509,안과,0.15,0.28
태국,202509,약국,4.79,54.32
태국,202509,치과,1.57,1.77
태국,202509,피부과,60.46,33.52
태국,202509,한약방,0.0,0.11
태국,202509,한의학과,1.11,0.68
태국,202510,대학/종합병원,0.59,2.26
태국,202510,성형외과,27.39,5.42
태국,202510,안과,0.13,0.27
태국,202510,약국,4.66,55.07
태국,202510,치과,0.95,0.8
태국,202510,피부과,66.1,35.66
태국,202510,한약방,0.0,0.1
태국,202510,한의학과,0.17,0.41
태국,202511,대학/종합병원,1.21,2.05
태국,202511,성형외과,29.25,5.71
태국,202511,안과,0.02,0.24
태국,202511,약국,5.7,56.73
태국,202511,치과,0.45,0.82
태국,202511,피부과,63.18,34.0
태국,202511,한약방,0.0,0.06
태국,202511,한의학과,0.19,0.39
태국,202512,대학/종합병원,0.77,1.51
태국,202512,성형외과,36.94,5.12
태국,202512,안과,0.03,0.24
태국,202512,약국,5.68,59.61
태국,202512,치과,0.6,0.93
태국,202512,피부과,55.83,32.27
태국,202512,한약방,0.0,0.03
태국,202512,한의학과,0.15,0.29
태국,202601,대학/종합병원,0.64,1.57
태국,202601,성형외과,24.48,4.31
태국,202601,안과,0.08,0.27
태국,202601,약국,7.61,61.22
태국,202601,치과,0.99,1.32
태국,202601,피부과,65.95,30.95
태국,202601,한의학과,0.25,0.36
태국,202602,대학/종합병원,0.83,1.42
태국,202602,성형외과,32.14,5.41
태국,202602,안과,0.22,0.35
태국,202602,약국,5.82,57.11
태국,202602,치과,1.54,1.34
태국,202602,피부과,59.28,33.95
태국,202602,한약방,0.0,0.02
태국,202602,한의학과,0.18,0.4
태국,202603,대학/종합병원,1.84,1.52
태국,202603,성형외과,28.38,4.39
태국,202603,안과,0.33,0.3
태국,202603,약국,6.17,57.93
태국,202603,치과,0.35,0.71
태국,202603,피부과,62.88,34.83
태국,202603,한약방,0.0,0.08
태국,202603,한의학과,0.04,0.25
태국,202604,대학/종합병원,0.47,1.24
태국,202604,성형외과,26.87,4.11
태국,202604,안과,0.19,0.24
태국,202604,약국,7.99,65.0
태국,202604,치과,0.51,0.88
태국,202604,피부과,63.83,28.13
태국,202604,한약방,0.0,0.03
태국,202604,한의학과,0.14,0.38
태국,202605,대학/종합병원,2.42,1.65
태국,202605,성형외과,23.3,4.07
태국,202605,안과,0.24,0.28
태국,202605,약국,8.86,64.43
태국,202605,치과,0.44,0.79
태국,202605,피부과,64.48,28.26
태국,202605,한약방,0.0,0.03
태국,202605,한의학과,0.24,0.49
태국,202606,대학/종합병원,1.03,1.14
태국,202606,성형외과,30.77,4.99
태국,202606,안과,0.06,0.31
태국,202606,약국,7.99,63.4
태국,202606,치과,1.65,1.34
태국,202606,피부과,58.2,27.97
태국,202606,한약방,0.01,0.17
태국,202606,한의학과,0.29,0.67
태국,202607,대학/종합병원,1.21,2.09
태국,202607,성형외과,34.68,4.72
태국,202607,안과,0.12,0.47
태국,202607,약국,8.0,66.05
태국,202607,치과,1.0,1.72
태국,202607,피부과,54.75,24.3
태국,202607,한의학과,0.24,0.65
홍콩,202001,대학/종합병원,8.57,7.81
홍콩,202001,성형외과,27.71,3.92
홍콩,202001,안과,0.52,0.73
홍콩,202001,약국,37.73,75.88
홍콩,202001,치과,4.48,3.62
홍콩,202001,피부과,19.11,6.22
홍콩,202001,한약방,0.14,0.24
홍콩,202001,한의학과,1.73,1.57
홍콩,202002,대학/종합병원,7.8,5.08
홍콩,202002,성형외과,31.56,2.84
홍콩,202002,안과,0.64,0.63
홍콩,202002,약국,38.89,80.92
홍콩,202002,치과,8.66,3.68
홍콩,202002,피부과,10.56,4.61
홍콩,202002,한약방,0.76,0.54
홍콩,202002,한의학과,1.13,1.7
홍콩,202003,대학/종합병원,15.82,16.09
홍콩,202003,성형외과,32.73,3.15
홍콩,202003,안과,3.39,2.49
홍콩,202003,약국,5.04,49.25
홍콩,202003,치과,18.84,10.28
홍콩,202003,피부과,21.73,11.77
홍콩,202003,한약방,0.5,0.66
홍콩,202003,한의학과,1.95,6.3
홍콩,202004,대학/종합병원,23.03,14.29
홍콩,202004,성형외과,7.79,1.69
홍콩,202004,안과,1.94,3.57
홍콩,202004,약국,7.91,49.25
홍콩,202004,치과,22.63,8.65
홍콩,202004,피부과,29.82,14.47
홍콩,202004,한의학과,6.88,8.08
홍콩,202005,대학/종합병원,22.51,17.47
홍콩,202005,성형외과,13.98,2.18
홍콩,202005,안과,0.13,1.56
홍콩,202005,약국,7.97,49.61
홍콩,202005,치과,13.87,9.98
홍콩,202005,피부과,31.64,12.17
홍콩,202005,한의학과,9.89,7.02
홍콩,202006,대학/종합병원,28.63,16.09
홍콩,202006,성형외과,19.22,2.22
홍콩,202006,안과,0.51,1.66
홍콩,202006,약국,9.51,46.19
홍콩,202006,치과,11.29,8.88
홍콩,202006,피부과,18.82,12.34
홍콩,202006,한의학과,12.03,12.62
홍콩,202007,대학/종합병원,44.97,22.45
홍콩,202007,성형외과,4.3,1.82
홍콩,202007,안과,1.63,1.82
홍콩,202007,약국,7.34,40.29
홍콩,202007,치과,19.75,11.53
홍콩,202007,피부과,17.03,11.77
홍콩,202007,한의학과,4.99,10.32
홍콩,202008,대학/종합병원,37.96,17.22
홍콩,202008,성형외과,3.91,1.54
홍콩,202008,안과,1.57,2.44
홍콩,202008,약국,9.84,43.96
홍콩,202008,치과,17.15,12.21
홍콩,202008,피부과,27.57,14.14
홍콩,202008,한약방,0.3,0.39
홍콩,202008,한의학과,1.71,8.1
홍콩,202009,대학/종합병원,24.2,23.54
홍콩,202009,성형외과,6.56,1.78
홍콩,202009,안과,1.66,2.42
홍콩,202009,약국,7.61,38.42
홍콩,202009,치과,23.52,11.83
홍콩,202009,피부과,27.43,11.7
홍콩,202009,한약방,0.04,0.25
홍콩,202009,한의학과,8.98,10.05
홍콩,202010,대학/종합병원,17.11,20.33
홍콩,202010,성형외과,21.27,3.41
홍콩,202010,안과,0.08,0.89
홍콩,202010,약국,9.21,40.95
홍콩,202010,치과,17.59,13.5
홍콩,202010,피부과,29.41,12.17
홍콩,202010,한의학과,5.34,8.75
홍콩,202011,대학/종합병원,14.12,16.83
홍콩,202011,성형외과,14.14,3.17
홍콩,202011,안과,2.1,2.57
홍콩,202011,약국,8.64,44.16
홍콩,202011,치과,22.09,14.06
홍콩,202011,피부과,30.7,11.49
홍콩,202011,한약방,0.01,0.2
홍콩,202011,한의학과,8.2,7.52
홍콩,202012,대학/종합병원,19.5,19.62
홍콩,202012,성형외과,11.77,3.59
홍콩,202012,안과,6.52,1.69
홍콩,202012,약국,8.74,45.15
홍콩,202012,치과,17.33,12.24
홍콩,202012,피부과,34.47,11.6
홍콩,202012,한의학과,1.67,6.12
홍콩,202101,대학/종합병원,16.29,17.12
홍콩,202101,성형외과,18.71,5.01
홍콩,202101,안과,2.56,3.13
홍콩,202101,약국,4.78,36.53
홍콩,202101,치과,18.91,16.08
홍콩,202101,피부과,29.51,13.57
홍콩,202101,한의학과,9.24,8.56
홍콩,202102,대학/종합병원,30.58,29.06
홍콩,202102,성형외과,11.68,2.61
홍콩,202102,안과,7.02,2.4
홍콩,202102,약국,7.92,37.27
홍콩,202102,치과,20.98,14.03
홍콩,202102,피부과,17.62,9.42
홍콩,202102,한의학과,4.19,5.21
홍콩,202103,대학/종합병원,30.9,25.46
홍콩,202103,성형외과,11.53,2.74
홍콩,202103,안과,3.28,1.68
홍콩,202103,약국,7.31,37.5
홍콩,202103,치과,12.69,11.13
홍콩,202103,피부과,24.22,12.8
홍콩,202103,한의학과,10.08,8.69
홍콩,202104,대학/종합병원,20.51,17.81
홍콩,202104,성형외과,23.49,4.64
홍콩,202104,안과,2.05,3.14
홍콩,202104,약국,6.0,42.66
홍콩,202104,치과,16.45,12.13
홍콩,202104,피부과,25.17,12.72
홍콩,202104,한의학과,6.33,6.89
홍콩,202105,대학/종합병원,32.14,26.7
홍콩,202105,성형외과,14.22,3.92
홍콩,202105,안과,2.43,3.17
홍콩,202105,약국,5.46,42.08
홍콩,202105,치과,14.02,10.41
홍콩,202105,피부과,27.73,8.3
홍콩,202105,한의학과,4.01,5.43
홍콩,202106,대학/종합병원,18.5,26.87
홍콩,202106,성형외과,19.77,4.77
홍콩,202106,안과,2.37,1.75
홍콩,202106,약국,5.91,40.06
홍콩,202106,치과,21.85,10.97
홍콩,202106,피부과,26.87,11.76
홍콩,202106,한의학과,4.72,3.82
홍콩,202107,대학/종합병원,24.89,30.32
홍콩,202107,성형외과,15.65,4.92
홍콩,202107,안과,2.83,2.31
홍콩,202107,약국,6.46,34.24
홍콩,202107,치과,18.93,12.75
홍콩,202107,피부과,25.12,10.44
홍콩,202107,한약방,0.21,0.1
홍콩,202107,한의학과,5.91,4.92
홍콩,202108,대학/종합병원,30.2,34.25
홍콩,202108,성형외과,16.96,4.35
홍콩,202108,안과,0.44,1.38
홍콩,202108,약국,7.17,36.37
홍콩,202108,치과,17.88,9.54
홍콩,202108,피부과,21.78,11.13
홍콩,202108,한의학과,5.57,2.97
홍콩,202109,대학/종합병원,18.48,26.5
홍콩,202109,성형외과,18.18,5.62
홍콩,202109,안과,1.53,1.25
홍콩,202109,약국,6.85,40.88
홍콩,202109,치과,16.91,10.75
홍콩,202109,피부과,34.82,11.25
홍콩,202109,한약방,0.12,0.12
홍콩,202109,한의학과,3.11,3.62
홍콩,202110,대학/종합병원,31.61,33.29
홍콩,202110,성형외과,16.78,6.44
홍콩,202110,안과,1.42,0.95
홍콩,202110,약국,6.45,36.52
홍콩,202110,치과,16.77,10.98
홍콩,202110,피부과,23.16,9.43
홍콩,202110,한약방,0.07,0.12
홍콩,202110,한의학과,3.73,2.27
홍콩,202111,대학/종합병원,27.3,29.37
홍콩,202111,성형외과,12.05,4.34
홍콩,202111,안과,1.51,2.06
홍콩,202111,약국,7.24,39.43
홍콩,202111,치과,13.01,8.8
홍콩,202111,피부과,33.92,10.74
홍콩,202111,한약방,0.03,0.11
홍콩,202111,한의학과,4.93,5.14
홍콩,202112,대학/종합병원,31.52,30.14
홍콩,202112,성형외과,21.17,4.09
홍콩,202112,안과,7.92,1.64
홍콩,202112,약국,6.8,41.24
홍콩,202112,치과,11.56,9.0
홍콩,202112,피부과,16.93,9.11
홍콩,202112,한의학과,4.08,4.79
홍콩,202201,대학/종합병원,29.41,26.11
홍콩,202201,성형외과,13.63,4.15
홍콩,202201,안과,3.15,2.37
홍콩,202201,약국,6.51,41.54
홍콩,202201,치과,11.3,8.9
홍콩,202201,피부과,32.29,12.31
홍콩,202201,한의학과,3.71,4.6
홍콩,202202,대학/종합병원,36.54,20.36
홍콩,202202,성형외과,10.01,3.58
홍콩,202202,안과,0.71,1.38
홍콩,202202,약국,7.18,48.42
홍콩,202202,치과,14.88,8.25
홍콩,202202,피부과,23.98,10.32
홍콩,202202,한의학과,6.7,7.7
홍콩,202203,대학/종합병원,22.05,20.0
홍콩,202203,성형외과,21.74,2.94
홍콩,202203,안과,1.64,3.11
홍콩,202203,약국,7.94,48.15
홍콩,202203,치과,10.88,9.33
홍콩,202203,피부과,27.92,11.09
홍콩,202203,한의학과,7.84,5.38
홍콩,202204,대학/종합병원,21.54,21.89
홍콩,202204,성형외과,19.92,3.77
홍콩,202204,안과,0.99,2.77
홍콩,202204,약국,5.23,44.78
홍콩,202204,치과,12.82,10.16
홍콩,202204,피부과,35.73,12.37
홍콩,202204,한약방,0.0,0.07
홍콩,202204,한의학과,3.77,4.19
홍콩,202205,대학/종합병원,23.48,27.54
홍콩,202205,성형외과,28.29,4.05
홍콩,202205,안과,2.64,2.06
홍콩,202205,약국,4.14,39.83
홍콩,202205,치과,9.16,10.04
홍콩,202205,피부과,29.37,12.55
홍콩,202205,한의학과,2.91,3.93
홍콩,202206,대학/종합병원,22.35,22.7
홍콩,202206,성형외과,31.92,4.21
홍콩,202206,안과,1.11,3.13
홍콩,202206,약국,3.43,40.1
홍콩,202206,치과,14.31,13.49
홍콩,202206,피부과,23.45,13.12
홍콩,202206,한약방,0.01,0.06
홍콩,202206,한의학과,3.43,3.19
홍콩,202207,대학/종합병원,15.03,21.32
홍콩,202207,성형외과,29.38,4.49
홍콩,202207,안과,2.85,3.0
홍콩,202207,약국,5.25,43.87
홍콩,202207,치과,14.89,12.38
홍콩,202207,피부과,28.58,11.75
홍콩,202207,한약방,0.03,0.08
홍콩,202207,한의학과,3.99,3.11
홍콩,202208,대학/종합병원,12.4,20.79
홍콩,202208,성형외과,40.58,5.05
홍콩,202208,안과,3.16,2.31
홍콩,202208,약국,5.61,47.64
홍콩,202208,치과,15.78,11.31
홍콩,202208,피부과,18.43,9.48
홍콩,202208,한약방,0.03,0.1
홍콩,202208,한의학과,4.02,3.32
홍콩,202209,대학/종합병원,12.37,18.44
홍콩,202209,성형외과,47.79,7.75
홍콩,202209,안과,1.44,2.06
홍콩,202209,약국,4.53,47.68
홍콩,202209,치과,8.36,8.46
홍콩,202209,피부과,20.67,12.16
홍콩,202209,한약방,0.0,0.18
홍콩,202209,한의학과,4.84,3.29
홍콩,202210,대학/종합병원,8.56,11.52
홍콩,202210,성형외과,48.27,8.39
홍콩,202210,안과,0.27,1.71
홍콩,202210,약국,3.57,48.46
홍콩,202210,치과,6.66,9.03
홍콩,202210,피부과,29.95,17.23
홍콩,202210,한약방,0.0,0.15
홍콩,202210,한의학과,2.72,3.51
홍콩,202211,대학/종합병원,7.86,12.85
홍콩,202211,성형외과,55.44,11.21
홍콩,202211,안과,0.1,1.33
홍콩,202211,약국,3.45,50.08
홍콩,202211,치과,3.1,7.27
홍콩,202211,피부과,28.5,14.49
홍콩,202211,한약방,0.0,0.05
홍콩,202211,한의학과,1.54,2.71
홍콩,202212,대학/종합병원,10.13,11.62
홍콩,202212,성형외과,41.32,7.43
홍콩,202212,안과,0.32,1.53
홍콩,202212,약국,4.92,50.29
홍콩,202212,치과,9.14,10.02
홍콩,202212,피부과,30.03,15.54
홍콩,202212,한약방,0.0,0.07
홍콩,202212,한의학과,4.14,3.51
홍콩,202301,대학/종합병원,13.35,13.24
홍콩,202301,성형외과,44.92,8.36
홍콩,202301,안과,1.42,1.85
홍콩,202301,약국,3.99,49.45
홍콩,202301,치과,9.16,9.55
홍콩,202301,피부과,25.05,15.57
홍콩,202301,한약방,0.0,0.13
홍콩,202301,한의학과,2.11,1.85
홍콩,202302,대학/종합병원,12.0,16.16
홍콩,202302,성형외과,45.71,9.85
홍콩,202302,안과,1.48,2.04
홍콩,202302,약국,3.61,44.15
홍콩,202302,치과,5.8,8.48
홍콩,202302,피부과,28.39,16.22
홍콩,202302,한약방,0.0,0.12
홍콩,202302,한의학과,3.0,2.97
홍콩,202303,대학/종합병원,7.06,13.48
홍콩,202303,성형외과,41.82,11.54
홍콩,202303,안과,2.46,1.62
홍콩,202303,약국,3.87,42.61
홍콩,202303,치과,9.56,8.22
홍콩,202303,피부과,31.95,18.98
홍콩,202303,한약방,0.0,0.05
홍콩,202303,한의학과,3.27,3.51
홍콩,202304,대학/종합병원,10.16,12.17
홍콩,202304,성형외과,34.67,9.34
홍콩,202304,안과,1.14,2.14
홍콩,202304,약국,3.64,47.71
홍콩,202304,치과,9.64,7.74
홍콩,202304,피부과,38.43,17.99
홍콩,202304,한약방,0.0,0.15
홍콩,202304,한의학과,2.31,2.76
홍콩,202305,대학/종합병원,7.86,10.7
홍콩,202305,성형외과,37.83,10.78
홍콩,202305,안과,0.56,1.83
홍콩,202305,약국,4.18,46.73
홍콩,202305,치과,4.17,6.19
홍콩,202305,피부과,42.58,20.04
홍콩,202305,한약방,0.0,0.08
홍콩,202305,한의학과,2.81,3.66
홍콩,202306,대학/종합병원,13.44,11.15
홍콩,202306,성형외과,27.03,9.26
홍콩,202306,안과,1.29,2.61
홍콩,202306,약국,3.59,45.93
홍콩,202306,치과,7.84,8.11
홍콩,202306,피부과,43.95,20.18
홍콩,202306,한약방,0.01,0.15
홍콩,202306,한의학과,2.86,2.61
홍콩,202307,대학/종합병원,9.08,11.84
홍콩,202307,성형외과,25.94,7.07
홍콩,202307,안과,1.66,2.02
홍콩,202307,약국,4.76,47.45
홍콩,202307,치과,11.07,9.24
홍콩,202307,피부과,44.84,19.36
홍콩,202307,한약방,0.01,0.12
홍콩,202307,한의학과,2.65,2.91
홍콩,202308,대학/종합병원,10.16,10.65
홍콩,202308,성형외과,35.56,8.46
홍콩,202308,안과,0.8,2.48
홍콩,202308,약국,3.53,47.95
홍콩,202308,치과,7.84,7.57
홍콩,202308,피부과,38.26,18.9
홍콩,202308,한약방,0.0,0.04
홍콩,202308,한의학과,3.84,3.96
홍콩,202309,대학/종합병원,13.74,8.34
홍콩,202309,성형외과,28.77,10.48
홍콩,202309,안과,0.84,1.75
홍콩,202309,약국,3.64,48.62
홍콩,202309,치과,4.34,5.55
홍콩,202309,피부과,47.31,22.55
홍콩,202309,한의학과,1.36,2.72
홍콩,202310,대학/종합병원,9.74,8.23
홍콩,202310,성형외과,29.45,9.81
홍콩,202310,안과,0.93,1.8
홍콩,202310,약국,4.33,49.46
홍콩,202310,치과,7.43,6.75
홍콩,202310,피부과,46.06,21.57
홍콩,202310,한약방,0.0,0.09
홍콩,202310,한의학과,2.06,2.29
홍콩,202311,대학/종합병원,10.8,7.27
홍콩,202311,성형외과,29.83,11.08
홍콩,202311,안과,1.03,1.2
홍콩,202311,약국,3.99,48.62
홍콩,202311,치과,6.77,6.44
홍콩,202311,피부과,46.13,21.76
홍콩,202311,한약방,0.0,0.17
홍콩,202311,한의학과,1.44,3.47
홍콩,202312,대학/종합병원,8.9,8.89
홍콩,202312,성형외과,28.57,7.8
홍콩,202312,안과,0.8,1.67
홍콩,202312,약국,4.72,51.86
홍콩,202312,치과,8.59,7.56
홍콩,202312,피부과,46.69,19.42
홍콩,202312,한의학과,1.74,2.81
홍콩,202401,대학/종합병원,14.08,10.18
홍콩,202401,성형외과,30.9,7.97
홍콩,202401,안과,0.55,1.7
홍콩,202401,약국,4.15,49.23
홍콩,202401,치과,4.82,7.49
홍콩,202401,피부과,43.13,19.37
홍콩,202401,한약방,0.0,0.07
홍콩,202401,한의학과,2.37,3.98
홍콩,202402,대학/종합병원,7.39,9.5
홍콩,202402,성형외과,32.28,8.9
홍콩,202402,안과,1.44,1.59
홍콩,202402,약국,4.34,49.12
홍콩,202402,치과,5.09,6.07
홍콩,202402,피부과,46.24,21.29
홍콩,202402,한약방,0.0,0.04
홍콩,202402,한의학과,3.22,3.5
홍콩,202403,대학/종합병원,5.36,7.1
홍콩,202403,성형외과,28.37,10.96
홍콩,202403,안과,0.59,1.62
홍콩,202403,약국,2.51,44.09
홍콩,202403,치과,6.27,5.14
홍콩,202403,피부과,55.2,28.18
홍콩,202403,한약방,0.0,0.14
홍콩,202403,한의학과,1.7,2.77
홍콩,202404,대학/종합병원,5.11,5.83
홍콩,202404,성형외과,24.04,9.11
홍콩,202404,안과,0.98,1.55
홍콩,202404,약국,2.79,43.36
홍콩,202404,치과,6.01,5.53
홍콩,202404,피부과,58.04,30.52
홍콩,202404,한약방,0.0,0.02
홍콩,202404,한의학과,3.02,4.08
홍콩,202405,대학/종합병원,2.99,5.54
홍콩,202405,성형외과,24.38,9.49
홍콩,202405,안과,1.3,1.48
홍콩,202405,약국,2.62,42.37
홍콩,202405,치과,4.77,4.72
홍콩,202405,피부과,62.55,33.26
홍콩,202405,한약방,0.09,0.12
홍콩,202405,한의학과,1.3,3.03
홍콩,202406,대학/종합병원,2.7,4.9
홍콩,202406,성형외과,21.73,8.77
홍콩,202406,안과,0.84,1.46
홍콩,202406,약국,2.44,42.54
홍콩,202406,치과,4.34,5.16
홍콩,202406,피부과,66.69,34.43
홍콩,202406,한약방,0.0,0.07
홍콩,202406,한의학과,1.25,2.68
홍콩,202407,대학/종합병원,4.88,6.17
홍콩,202407,성형외과,16.87,6.32
홍콩,202407,안과,1.2,1.85
홍콩,202407,약국,3.12,44.07
홍콩,202407,치과,5.4,7.89
홍콩,202407,피부과,65.48,30.26
홍콩,202407,한약방,0.02,0.13
홍콩,202407,한의학과,3.04,3.3
홍콩,202408,대학/종합병원,2.92,5.16
홍콩,202408,성형외과,18.31,6.81
홍콩,202408,안과,1.16,1.54
홍콩,202408,약국,3.01,46.24
홍콩,202408,치과,3.19,5.31
홍콩,202408,피부과,69.3,32.18
홍콩,202408,한약방,0.0,0.02
홍콩,202408,한의학과,2.11,2.75
홍콩,202409,대학/종합병원,1.98,3.9
홍콩,202409,성형외과,14.79,6.48
홍콩,202409,안과,1.06,1.12
홍콩,202409,약국,2.29,43.18
홍콩,202409,치과,3.06,4.19
홍콩,202409,피부과,76.06,39.01
홍콩,202409,한약방,0.0,0.06
홍콩,202409,한의학과,0.76,2.05
홍콩,202410,대학/종합병원,2.6,4.45
홍콩,202410,성형외과,20.38,8.4
홍콩,202410,안과,0.79,0.81
홍콩,202410,약국,2.3,42.74
홍콩,202410,치과,2.77,4.18
홍콩,202410,피부과,70.18,37.51
홍콩,202410,한약방,0.0,0.03
홍콩,202410,한의학과,0.97,1.89
홍콩,202411,대학/종합병원,2.03,3.82
홍콩,202411,성형외과,16.65,6.64
홍콩,202411,안과,1.1,1.14
홍콩,202411,약국,2.61,42.38
홍콩,202411,치과,2.21,4.47
홍콩,202411,피부과,74.48,38.96
홍콩,202411,한약방,0.0,0.07
홍콩,202411,한의학과,0.91,2.53
홍콩,202412,대학/종합병원,3.48,4.86
홍콩,202412,성형외과,18.38,5.73
홍콩,202412,안과,1.15,1.84
홍콩,202412,약국,2.82,47.38
홍콩,202412,치과,3.06,5.82
홍콩,202412,피부과,69.33,32.3
홍콩,202412,한약방,0.0,0.05
홍콩,202412,한의학과,1.78,2.02
홍콩,202501,대학/종합병원,2.94,5.16
홍콩,202501,성형외과,17.26,5.24
홍콩,202501,안과,1.28,1.32
홍콩,202501,약국,3.23,46.7
홍콩,202501,치과,2.53,5.05
홍콩,202501,피부과,71.76,34.16
홍콩,202501,한의학과,1.0,2.37
홍콩,202502,대학/종합병원,2.53,5.24
홍콩,202502,성형외과,18.97,6.34
홍콩,202502,안과,0.38,1.27
홍콩,202502,약국,2.39,42.46
홍콩,202502,치과,3.24,5.33
홍콩,202502,피부과,71.66,36.69
홍콩,202502,한약방,0.0,0.05
홍콩,202502,한의학과,0.83,2.61
홍콩,202503,대학/종합병원,2.28,4.09
홍콩,202503,성형외과,15.69,6.39
홍콩,202503,안과,0.58,1.02
홍콩,202503,약국,2.52,43.44
홍콩,202503,치과,2.01,3.61
홍콩,202503,피부과,76.22,39.19
홍콩,202503,한약방,0.0,0.05
홍콩,202503,한의학과,0.7,2.21
홍콩,202504,대학/종합병원,2.44,4.07
홍콩,202504,성형외과,15.29,5.28
홍콩,202504,안과,0.5,1.14
홍콩,202504,약국,3.32,47.63
홍콩,202504,치과,2.01,3.61
홍콩,202504,피부과,75.45,36.44
홍콩,202504,한약방,0.0,0.09
홍콩,202504,한의학과,0.99,1.74
홍콩,202505,대학/종합병원,2.07,3.59
홍콩,202505,성형외과,13.64,4.76
홍콩,202505,안과,0.67,0.97
홍콩,202505,약국,5.09,53.14
홍콩,202505,치과,2.62,3.15
홍콩,202505,피부과,75.11,32.32
홍콩,202505,한약방,0.0,0.02
홍콩,202505,한의학과,0.79,2.05
홍콩,202506,대학/종합병원,2.44,3.74
홍콩,202506,성형외과,12.86,4.33
홍콩,202506,안과,0.81,1.21
홍콩,202506,약국,5.32,53.4
홍콩,202506,치과,2.32,3.18
홍콩,202506,피부과,75.26,32.12
홍콩,202506,한약방,0.0,0.05
홍콩,202506,한의학과,0.99,1.97
홍콩,202507,대학/종합병원,3.34,5.28
홍콩,202507,성형외과,15.57,4.01
홍콩,202507,안과,0.51,1.45
홍콩,202507,약국,5.64,54.72
홍콩,202507,치과,3.45,5.47
홍콩,202507,피부과,69.29,26.69
홍콩,202507,한약방,0.0,0.04
홍콩,202507,한의학과,2.2,2.35
홍콩,202508,대학/종합병원,2.66,4.43
홍콩,202508,성형외과,11.84,4.08
홍콩,202508,안과,0.77,1.05
홍콩,202508,약국,5.81,55.73
홍콩,202508,치과,3.63,4.05
홍콩,202508,피부과,73.55,28.46
홍콩,202508,한약방,0.01,0.04
홍콩,202508,한의학과,1.73,2.16
홍콩,202509,대학/종합병원,1.7,3.88
홍콩,202509,성형외과,13.36,4.59
홍콩,202509,안과,0.48,0.77
홍콩,202509,약국,5.06,56.02
홍콩,202509,치과,2.18,3.15
홍콩,202509,피부과,76.24,29.76
홍콩,202509,한약방,0.0,0.01
홍콩,202509,한의학과,0.99,1.83
홍콩,202510,대학/종합병원,2.0,3.52
홍콩,202510,성형외과,15.22,4.49
홍콩,202510,안과,0.52,0.72
홍콩,202510,약국,6.35,57.99
홍콩,202510,치과,1.72,2.93
홍콩,202510,피부과,73.39,28.63
홍콩,202510,한약방,0.0,0.02
홍콩,202510,한의학과,0.79,1.71
홍콩,202511,대학/종합병원,0.94,2.38
홍콩,202511,성형외과,13.87,4.38
홍콩,202511,안과,0.21,0.55
홍콩,202511,약국,6.03,58.48
홍콩,202511,치과,1.6,2.53
홍콩,202511,피부과,76.71,30.13
홍콩,202511,한약방,0.0,0.06
홍콩,202511,한의학과,0.64,1.48
홍콩,202512,대학/종합병원,1.79,3.27
홍콩,202512,성형외과,12.82,4.15
홍콩,202512,안과,0.36,0.65
홍콩,202512,약국,6.54,58.42
홍콩,202512,치과,1.83,3.44
홍콩,202512,피부과,75.87,28.67
홍콩,202512,한약방,0.0,0.04
홍콩,202512,한의학과,0.8,1.36
홍콩,202601,대학/종합병원,3.76,3.28
홍콩,202601,성형외과,13.57,3.6
홍콩,202601,안과,0.81,0.85
홍콩,202601,약국,9.95,63.64
홍콩,202601,치과,2.99,3.7
홍콩,202601,피부과,68.0,23.15
홍콩,202601,한약방,0.01,0.07
홍콩,202601,한의학과,0.91,1.7
홍콩,202602,대학/종합병원,2.7,3.43
홍콩,202602,성형외과,14.16,3.24
홍콩,202602,안과,1.04,0.94
홍콩,202602,약국,10.32,65.1
홍콩,202602,치과,1.72,3.33
홍콩,202602,피부과,69.24,22.4
홍콩,202602,한약방,0.0,0.02
홍콩,202602,한의학과,0.83,1.54
홍콩,202603,대학/종합병원,1.97,2.5
홍콩,202603,성형외과,15.37,3.76
홍콩,202603,안과,0.6,0.56
홍콩,202603,약국,10.91,66.94
홍콩,202603,치과,2.47,2.24
홍콩,202603,피부과,67.68,22.58
홍콩,202603,한약방,0.0,0.05
홍콩,202603,한의학과,0.99,1.38
홍콩,202604,대학/종합병원,2.21,2.48
홍콩,202604,성형외과,10.87,3.0
홍콩,202604,안과,0.41,0.47
홍콩,202604,약국,13.02,69.87
홍콩,202604,치과,2.72,2.43
홍콩,202604,피부과,69.79,20.42
홍콩,202604,한약방,0.0,0.02
홍콩,202604,한의학과,0.97,1.31
홍콩,202605,대학/종합병원,1.46,1.84
홍콩,202605,성형외과,11.25,2.86
홍콩,202605,안과,0.43,0.42
홍콩,202605,약국,12.89,69.95
홍콩,202605,치과,1.92,1.9
홍콩,202605,피부과,71.29,22.02
홍콩,202605,한약방,0.01,0.03
홍콩,202605,한의학과,0.76,0.97
홍콩,202606,대학/종합병원,2.73,2.3
홍콩,202606,성형외과,12.78,3.01
홍콩,202606,안과,0.34,0.52
홍콩,202606,약국,12.61,70.08
홍콩,202606,치과,1.98,2.35
홍콩,202606,피부과,68.79,20.81
홍콩,202606,한약방,0.01,0.05
홍콩,202606,한의학과,0.77,0.88
홍콩,202607,대학/종합병원,2.59,3.18
홍콩,202607,성형외과,14.05,2.98
홍콩,202607,안과,0.2,0.77
홍콩,202607,약국,13.26,69.87
홍콩,202607,치과,2.97,3.86
홍콩,202607,피부과,65.82,17.93
홍콩,202607,한약방,0.03,0.19
홍콩,202607,한의학과,1.07,1.22
